,Day,Depth,Temperature
1,1,2.005,23.517056090100002
1,1,2.505,23.4895416381
1,1,3.005,23.4461440359
1,1,3.505,23.4255175213
1,1,4.005,23.3657881597
1,1,4.505,23.2865382739
1,1,5.005,23.2526677365
1,1,5.505,23.1426205373
1,1,6.005,22.8025357127
1,1,6.505,22.4104251732
1,1,7.005,21.940899663499998
1,1,7.505,21.4297197508
1,1,8.005,21.0108091614
1,1,8.505,20.585109481
1,1,9.005,20.233740460099998
1,1,9.505,20.0580955682
1,1,10.005,19.897882849600002
1,1,10.505,19.7460398083
1,1,11.005,19.6086923699
1,1,11.505,19.3360367061
1,1,12.005,19.094152982
1,1,12.505,18.9202532692
1,1,13.005,18.7494216532
1,1,13.505,18.496124017
1,1,14.005,18.2523225431
1,1,14.505,18.0752625673
1,1,15.005,17.9589591727
1,1,15.505,17.816082375
1,1,16.005,17.551295347
1,1,16.505,17.313279034
1,1,17.005,17.0651933595
1,1,17.505,16.7809656073
1,1,18.005,16.485477736
1,1,18.505,16.2509165353
1,1,19.005,16.005152996099998
1,1,19.505,15.8095681902
1,1,20.005,15.5494664453
1,1,20.505,15.2682727937
1,1,21.005,15.0616646932
1,1,21.505,14.824871878900002
2,2,2.005,23.517056090100002
2,2,2.505,23.4895416381
2,2,3.005,23.4461440359
2,2,3.505,23.4255175213
2,2,4.005,23.3657881597
2,2,4.505,23.2865382739
2,2,5.005,23.2526677365
2,2,5.505,23.1426205373
2,2,6.005,22.8025357127
2,2,6.505,22.4104251732
2,2,7.005,21.940899663499998
2,2,7.505,21.4297197508
2,2,8.005,21.0108091614
2,2,8.505,20.585109481
2,2,9.005,20.233740460099998
2,2,9.505,20.0580955682
2,2,10.005,19.897882849600002
2,2,10.505,19.7460398083
2,2,11.005,19.6086923699
2,2,11.505,19.3360367061
2,2,12.005,19.094152982
2,2,12.505,18.9202532692
2,2,13.005,18.7494216532
2,2,13.505,18.496124017
2,2,14.005,18.2523225431
2,2,14.505,18.0752625673
2,2,15.005,17.9589591727
2,2,15.505,17.816082375
2,2,16.005,17.551295347
2,2,16.505,17.313279034
2,2,17.005,17.0651933595
2,2,17.505,16.7809656073
2,2,18.005,16.485477736
2,2,18.505,16.2509165353
2,2,19.005,16.005152996099998
2,2,19.505,15.8095681902
2,2,20.005,15.5494664453
2,2,20.505,15.2682727937
2,2,21.005,15.0616646932
2,2,21.505,14.824871878900002
3,3,2.005,23.517056090100002
3,3,2.505,23.4895416381
3,3,3.005,23.4461440359
3,3,3.505,23.4255175213
3,3,4.005,23.3657881597
3,3,4.505,23.2865382739
3,3,5.005,23.2526677365
3,3,5.505,23.1426205373
3,3,6.005,22.8025357127
3,3,6.505,22.4104251732
3,3,7.005,21.940899663499998
3,3,7.505,21.4297197508
3,3,8.005,21.0108091614
3,3,8.505,20.585109481
3,3,9.005,20.233740460099998
3,3,9.505,20.0580955682
3,3,10.005,19.897882849600002
3,3,10.505,19.7460398083
3,3,11.005,19.6086923699
3,3,11.505,19.3360367061
3,3,12.005,19.094152982
3,3,12.505,18.9202532692
3,3,13.005,18.7494216532
3,3,13.505,18.496124017
3,3,14.005,18.2523225431
3,3,14.505,18.0752625673
3,3,15.005,17.9589591727
3,3,15.505,17.816082375
3,3,16.005,17.551295347
3,3,16.505,17.313279034
3,3,17.005,17.0651933595
3,3,17.505,16.7809656073
3,3,18.005,16.485477736
3,3,18.505,16.2509165353
3,3,19.005,16.005152996099998
3,3,19.505,15.8095681902
3,3,20.005,15.5494664453
3,3,20.505,15.2682727937
3,3,21.005,15.0616646932
3,3,21.505,14.824871878900002
4,4,2.005,23.517056090100002
4,4,2.505,23.4895416381
4,4,3.005,23.4461440359
4,4,3.505,23.4255175213
4,4,4.005,23.3657881597
4,4,4.505,23.2865382739
4,4,5.005,23.2526677365
4,4,5.505,23.1426205373
4,4,6.005,22.8025357127
4,4,6.505,22.4104251732
4,4,7.005,21.940899663499998
4,4,7.505,21.4297197508
4,4,8.005,21.0108091614
4,4,8.505,20.585109481
4,4,9.005,20.233740460099998
4,4,9.505,20.0580955682
4,4,10.005,19.897882849600002
4,4,10.505,19.7460398083
4,4,11.005,19.6086923699
4,4,11.505,19.3360367061
4,4,12.005,19.094152982
4,4,12.505,18.9202532692
4,4,13.005,18.7494216532
4,4,13.505,18.496124017
4,4,14.005,18.2523225431
4,4,14.505,18.0752625673
4,4,15.005,17.9589591727
4,4,15.505,17.816082375
4,4,16.005,17.551295347
4,4,16.505,17.313279034
4,4,17.005,17.0651933595
4,4,17.505,16.7809656073
4,4,18.005,16.485477736
4,4,18.505,16.2509165353
4,4,19.005,16.005152996099998
4,4,19.505,15.8095681902
4,4,20.005,15.5494664453
4,4,20.505,15.2682727937
4,4,21.005,15.0616646932
4,4,21.505,14.824871878900002
5,5,2.005,23.517056090100002
5,5,2.505,23.4895416381
5,5,3.005,23.4461440359
5,5,3.505,23.4255175213
5,5,4.005,23.3657881597
5,5,4.505,23.2865382739
5,5,5.005,23.2526677365
5,5,5.505,23.1426205373
5,5,6.005,22.8025357127
5,5,6.505,22.4104251732
5,5,7.005,21.940899663499998
5,5,7.505,21.4297197508
5,5,8.005,21.0108091614
5,5,8.505,20.585109481
5,5,9.005,20.233740460099998
5,5,9.505,20.0580955682
5,5,10.005,19.897882849600002
5,5,10.505,19.7460398083
5,5,11.005,19.6086923699
5,5,11.505,19.3360367061
5,5,12.005,19.094152982
5,5,12.505,18.9202532692
5,5,13.005,18.7494216532
5,5,13.505,18.496124017
5,5,14.005,18.2523225431
5,5,14.505,18.0752625673
5,5,15.005,17.9589591727
5,5,15.505,17.816082375
5,5,16.005,17.551295347
5,5,16.505,17.313279034
5,5,17.005,17.0651933595
5,5,17.505,16.7809656073
5,5,18.005,16.485477736
5,5,18.505,16.2509165353
5,5,19.005,16.005152996099998
5,5,19.505,15.8095681902
5,5,20.005,15.5494664453
5,5,20.505,15.2682727937
5,5,21.005,15.0616646932
5,5,21.505,14.824871878900002
6,6,2.005,23.517056090100002
6,6,2.505,23.4895416381
6,6,3.005,23.4461440359
6,6,3.505,23.4255175213
6,6,4.005,23.3657881597
6,6,4.505,23.2865382739
6,6,5.005,23.2526677365
6,6,5.505,23.1426205373
6,6,6.005,22.8025357127
6,6,6.505,22.4104251732
6,6,7.005,21.940899663499998
6,6,7.505,21.4297197508
6,6,8.005,21.0108091614
6,6,8.505,20.585109481
6,6,9.005,20.233740460099998
6,6,9.505,20.0580955682
6,6,10.005,19.897882849600002
6,6,10.505,19.7460398083
6,6,11.005,19.6086923699
6,6,11.505,19.3360367061
6,6,12.005,19.094152982
6,6,12.505,18.9202532692
6,6,13.005,18.7494216532
6,6,13.505,18.496124017
6,6,14.005,18.2523225431
6,6,14.505,18.0752625673
6,6,15.005,17.9589591727
6,6,15.505,17.816082375
6,6,16.005,17.551295347
6,6,16.505,17.313279034
6,6,17.005,17.0651933595
6,6,17.505,16.7809656073
6,6,18.005,16.485477736
6,6,18.505,16.2509165353
6,6,19.005,16.005152996099998
6,6,19.505,15.8095681902
6,6,20.005,15.5494664453
6,6,20.505,15.2682727937
6,6,21.005,15.0616646932
6,6,21.505,14.824871878900002
7,7,2.005,23.517056090100002
7,7,2.505,23.4895416381
7,7,3.005,23.4461440359
7,7,3.505,23.4255175213
7,7,4.005,23.3657881597
7,7,4.505,23.2865382739
7,7,5.005,23.2526677365
7,7,5.505,23.1426205373
7,7,6.005,22.8025357127
7,7,6.505,22.4104251732
7,7,7.005,21.940899663499998
7,7,7.505,21.4297197508
7,7,8.005,21.0108091614
7,7,8.505,20.585109481
7,7,9.005,20.233740460099998
7,7,9.505,20.0580955682
7,7,10.005,19.897882849600002
7,7,10.505,19.7460398083
7,7,11.005,19.6086923699
7,7,11.505,19.3360367061
7,7,12.005,19.094152982
7,7,12.505,18.9202532692
7,7,13.005,18.7494216532
7,7,13.505,18.496124017
7,7,14.005,18.2523225431
7,7,14.505,18.0752625673
7,7,15.005,17.9589591727
7,7,15.505,17.816082375
7,7,16.005,17.551295347
7,7,16.505,17.313279034
7,7,17.005,17.0651933595
7,7,17.505,16.7809656073
7,7,18.005,16.485477736
7,7,18.505,16.2509165353
7,7,19.005,16.005152996099998
7,7,19.505,15.8095681902
7,7,20.005,15.5494664453
7,7,20.505,15.2682727937
7,7,21.005,15.0616646932
7,7,21.505,14.824871878900002
8,8,2.005,23.517056090100002
8,8,2.505,23.4895416381
8,8,3.005,23.4461440359
8,8,3.505,23.4255175213
8,8,4.005,23.3657881597
8,8,4.505,23.2865382739
8,8,5.005,23.2526677365
8,8,5.505,23.1426205373
8,8,6.005,22.8025357127
8,8,6.505,22.4104251732
8,8,7.005,21.940899663499998
8,8,7.505,21.4297197508
8,8,8.005,21.0108091614
8,8,8.505,20.585109481
8,8,9.005,20.233740460099998
8,8,9.505,20.0580955682
8,8,10.005,19.897882849600002
8,8,10.505,19.7460398083
8,8,11.005,19.6086923699
8,8,11.505,19.3360367061
8,8,12.005,19.094152982
8,8,12.505,18.9202532692
8,8,13.005,18.7494216532
8,8,13.505,18.496124017
8,8,14.005,18.2523225431
8,8,14.505,18.0752625673
8,8,15.005,17.9589591727
8,8,15.505,17.816082375
8,8,16.005,17.551295347
8,8,16.505,17.313279034
8,8,17.005,17.0651933595
8,8,17.505,16.7809656073
8,8,18.005,16.485477736
8,8,18.505,16.2509165353
8,8,19.005,16.005152996099998
8,8,19.505,15.8095681902
8,8,20.005,15.5494664453
8,8,20.505,15.2682727937
8,8,21.005,15.0616646932
8,8,21.505,14.824871878900002
9,9,2.005,23.517056090100002
9,9,2.505,23.4895416381
9,9,3.005,23.4461440359
9,9,3.505,23.4255175213
9,9,4.005,23.3657881597
9,9,4.505,23.2865382739
9,9,5.005,23.2526677365
9,9,5.505,23.1426205373
9,9,6.005,22.8025357127
9,9,6.505,22.4104251732
9,9,7.005,21.940899663499998
9,9,7.505,21.4297197508
9,9,8.005,21.0108091614
9,9,8.505,20.585109481
9,9,9.005,20.233740460099998
9,9,9.505,20.0580955682
9,9,10.005,19.897882849600002
9,9,10.505,19.7460398083
9,9,11.005,19.6086923699
9,9,11.505,19.3360367061
9,9,12.005,19.094152982
9,9,12.505,18.9202532692
9,9,13.005,18.7494216532
9,9,13.505,18.496124017
9,9,14.005,18.2523225431
9,9,14.505,18.0752625673
9,9,15.005,17.9589591727
9,9,15.505,17.816082375
9,9,16.005,17.551295347
9,9,16.505,17.313279034
9,9,17.005,17.0651933595
9,9,17.505,16.7809656073
9,9,18.005,16.485477736
9,9,18.505,16.2509165353
9,9,19.005,16.005152996099998
9,9,19.505,15.8095681902
9,9,20.005,15.5494664453
9,9,20.505,15.2682727937
9,9,21.005,15.0616646932
9,9,21.505,14.824871878900002
10,10,2.005,23.517056090100002
10,10,2.505,23.4895416381
10,10,3.005,23.4461440359
10,10,3.505,23.4255175213
10,10,4.005,23.3657881597
10,10,4.505,23.2865382739
10,10,5.005,23.2526677365
10,10,5.505,23.1426205373
10,10,6.005,22.8025357127
10,10,6.505,22.4104251732
10,10,7.005,21.940899663499998
10,10,7.505,21.4297197508
10,10,8.005,21.0108091614
10,10,8.505,20.585109481
10,10,9.005,20.233740460099998
10,10,9.505,20.0580955682
10,10,10.005,19.897882849600002
10,10,10.505,19.7460398083
10,10,11.005,19.6086923699
10,10,11.505,19.3360367061
10,10,12.005,19.094152982
10,10,12.505,18.9202532692
10,10,13.005,18.7494216532
10,10,13.505,18.496124017
10,10,14.005,18.2523225431
10,10,14.505,18.0752625673
10,10,15.005,17.9589591727
10,10,15.505,17.816082375
10,10,16.005,17.551295347
10,10,16.505,17.313279034
10,10,17.005,17.0651933595
10,10,17.505,16.7809656073
10,10,18.005,16.485477736
10,10,18.505,16.2509165353
10,10,19.005,16.005152996099998
10,10,19.505,15.8095681902
10,10,20.005,15.5494664453
10,10,20.505,15.2682727937
10,10,21.005,15.0616646932
10,10,21.505,14.824871878900002
11,11,2.005,23.517056090100002
11,11,2.505,23.4895416381
11,11,3.005,23.4461440359
11,11,3.505,23.4255175213
11,11,4.005,23.3657881597
11,11,4.505,23.2865382739
11,11,5.005,23.2526677365
11,11,5.505,23.1426205373
11,11,6.005,22.8025357127
11,11,6.505,22.4104251732
11,11,7.005,21.940899663499998
11,11,7.505,21.4297197508
11,11,8.005,21.0108091614
11,11,8.505,20.585109481
11,11,9.005,20.233740460099998
11,11,9.505,20.0580955682
11,11,10.005,19.897882849600002
11,11,10.505,19.7460398083
11,11,11.005,19.6086923699
11,11,11.505,19.3360367061
11,11,12.005,19.094152982
11,11,12.505,18.9202532692
11,11,13.005,18.7494216532
11,11,13.505,18.496124017
11,11,14.005,18.2523225431
11,11,14.505,18.0752625673
11,11,15.005,17.9589591727
11,11,15.505,17.816082375
11,11,16.005,17.551295347
11,11,16.505,17.313279034
11,11,17.005,17.0651933595
11,11,17.505,16.7809656073
11,11,18.005,16.485477736
11,11,18.505,16.2509165353
11,11,19.005,16.005152996099998
11,11,19.505,15.8095681902
11,11,20.005,15.5494664453
11,11,20.505,15.2682727937
11,11,21.005,15.0616646932
11,11,21.505,14.824871878900002
12,12,2.005,23.517056090100002
12,12,2.505,23.4895416381
12,12,3.005,23.4461440359
12,12,3.505,23.4255175213
12,12,4.005,23.3657881597
12,12,4.505,23.2865382739
12,12,5.005,23.2526677365
12,12,5.505,23.1426205373
12,12,6.005,22.8025357127
12,12,6.505,22.4104251732
12,12,7.005,21.940899663499998
12,12,7.505,21.4297197508
12,12,8.005,21.0108091614
12,12,8.505,20.585109481
12,12,9.005,20.233740460099998
12,12,9.505,20.0580955682
12,12,10.005,19.897882849600002
12,12,10.505,19.7460398083
12,12,11.005,19.6086923699
12,12,11.505,19.3360367061
12,12,12.005,19.094152982
12,12,12.505,18.9202532692
12,12,13.005,18.7494216532
12,12,13.505,18.496124017
12,12,14.005,18.2523225431
12,12,14.505,18.0752625673
12,12,15.005,17.9589591727
12,12,15.505,17.816082375
12,12,16.005,17.551295347
12,12,16.505,17.313279034
12,12,17.005,17.0651933595
12,12,17.505,16.7809656073
12,12,18.005,16.485477736
12,12,18.505,16.2509165353
12,12,19.005,16.005152996099998
12,12,19.505,15.8095681902
12,12,20.005,15.5494664453
12,12,20.505,15.2682727937
12,12,21.005,15.0616646932
12,12,21.505,14.824871878900002
13,13,2.005,23.517056090100002
13,13,2.505,23.4895416381
13,13,3.005,23.4461440359
13,13,3.505,23.4255175213
13,13,4.005,23.3657881597
13,13,4.505,23.2865382739
13,13,5.005,23.2526677365
13,13,5.505,23.1426205373
13,13,6.005,22.8025357127
13,13,6.505,22.4104251732
13,13,7.005,21.940899663499998
13,13,7.505,21.4297197508
13,13,8.005,21.0108091614
13,13,8.505,20.585109481
13,13,9.005,20.233740460099998
13,13,9.505,20.0580955682
13,13,10.005,19.897882849600002
13,13,10.505,19.7460398083
13,13,11.005,19.6086923699
13,13,11.505,19.3360367061
13,13,12.005,19.094152982
13,13,12.505,18.9202532692
13,13,13.005,18.7494216532
13,13,13.505,18.496124017
13,13,14.005,18.2523225431
13,13,14.505,18.0752625673
13,13,15.005,17.9589591727
13,13,15.505,17.816082375
13,13,16.005,17.551295347
13,13,16.505,17.313279034
13,13,17.005,17.0651933595
13,13,17.505,16.7809656073
13,13,18.005,16.485477736
13,13,18.505,16.2509165353
13,13,19.005,16.005152996099998
13,13,19.505,15.8095681902
13,13,20.005,15.5494664453
13,13,20.505,15.2682727937
13,13,21.005,15.0616646932
13,13,21.505,14.824871878900002
14,14,2.005,23.517056090100002
14,14,2.505,23.4895416381
14,14,3.005,23.4461440359
14,14,3.505,23.4255175213
14,14,4.005,23.3657881597
14,14,4.505,23.2865382739
14,14,5.005,23.2526677365
14,14,5.505,23.1426205373
14,14,6.005,22.8025357127
14,14,6.505,22.4104251732
14,14,7.005,21.940899663499998
14,14,7.505,21.4297197508
14,14,8.005,21.0108091614
14,14,8.505,20.585109481
14,14,9.005,20.233740460099998
14,14,9.505,20.0580955682
14,14,10.005,19.897882849600002
14,14,10.505,19.7460398083
14,14,11.005,19.6086923699
14,14,11.505,19.3360367061
14,14,12.005,19.094152982
14,14,12.505,18.9202532692
14,14,13.005,18.7494216532
14,14,13.505,18.496124017
14,14,14.005,18.2523225431
14,14,14.505,18.0752625673
14,14,15.005,17.9589591727
14,14,15.505,17.816082375
14,14,16.005,17.551295347
14,14,16.505,17.313279034
14,14,17.005,17.0651933595
14,14,17.505,16.7809656073
14,14,18.005,16.485477736
14,14,18.505,16.2509165353
14,14,19.005,16.005152996099998
14,14,19.505,15.8095681902
14,14,20.005,15.5494664453
14,14,20.505,15.2682727937
14,14,21.005,15.0616646932
14,14,21.505,14.824871878900002
15,15,2.005,23.517056090100002
15,15,2.505,23.4895416381
15,15,3.005,23.4461440359
15,15,3.505,23.4255175213
15,15,4.005,23.3657881597
15,15,4.505,23.2865382739
15,15,5.005,23.2526677365
15,15,5.505,23.1426205373
15,15,6.005,22.8025357127
15,15,6.505,22.4104251732
15,15,7.005,21.940899663499998
15,15,7.505,21.4297197508
15,15,8.005,21.0108091614
15,15,8.505,20.585109481
15,15,9.005,20.233740460099998
15,15,9.505,20.0580955682
15,15,10.005,19.897882849600002
15,15,10.505,19.7460398083
15,15,11.005,19.6086923699
15,15,11.505,19.3360367061
15,15,12.005,19.094152982
15,15,12.505,18.9202532692
15,15,13.005,18.7494216532
15,15,13.505,18.496124017
15,15,14.005,18.2523225431
15,15,14.505,18.0752625673
15,15,15.005,17.9589591727
15,15,15.505,17.816082375
15,15,16.005,17.551295347
15,15,16.505,17.313279034
15,15,17.005,17.0651933595
15,15,17.505,16.7809656073
15,15,18.005,16.485477736
15,15,18.505,16.2509165353
15,15,19.005,16.005152996099998
15,15,19.505,15.8095681902
15,15,20.005,15.5494664453
15,15,20.505,15.2682727937
15,15,21.005,15.0616646932
15,15,21.505,14.824871878900002
16,16,2.005,23.517056090100002
16,16,2.505,23.4895416381
16,16,3.005,23.4461440359
16,16,3.505,23.4255175213
16,16,4.005,23.3657881597
16,16,4.505,23.2865382739
16,16,5.005,23.2526677365
16,16,5.505,23.1426205373
16,16,6.005,22.8025357127
16,16,6.505,22.4104251732
16,16,7.005,21.940899663499998
16,16,7.505,21.4297197508
16,16,8.005,21.0108091614
16,16,8.505,20.585109481
16,16,9.005,20.233740460099998
16,16,9.505,20.0580955682
16,16,10.005,19.897882849600002
16,16,10.505,19.7460398083
16,16,11.005,19.6086923699
16,16,11.505,19.3360367061
16,16,12.005,19.094152982
16,16,12.505,18.9202532692
16,16,13.005,18.7494216532
16,16,13.505,18.496124017
16,16,14.005,18.2523225431
16,16,14.505,18.0752625673
16,16,15.005,17.9589591727
16,16,15.505,17.816082375
16,16,16.005,17.551295347
16,16,16.505,17.313279034
16,16,17.005,17.0651933595
16,16,17.505,16.7809656073
16,16,18.005,16.485477736
16,16,18.505,16.2509165353
16,16,19.005,16.005152996099998
16,16,19.505,15.8095681902
16,16,20.005,15.5494664453
16,16,20.505,15.2682727937
16,16,21.005,15.0616646932
16,16,21.505,14.824871878900002
17,17,2.005,23.517056090100002
17,17,2.505,23.4895416381
17,17,3.005,23.4461440359
17,17,3.505,23.4255175213
17,17,4.005,23.3657881597
17,17,4.505,23.2865382739
17,17,5.005,23.2526677365
17,17,5.505,23.1426205373
17,17,6.005,22.8025357127
17,17,6.505,22.4104251732
17,17,7.005,21.940899663499998
17,17,7.505,21.4297197508
17,17,8.005,21.0108091614
17,17,8.505,20.585109481
17,17,9.005,20.233740460099998
17,17,9.505,20.0580955682
17,17,10.005,19.897882849600002
17,17,10.505,19.7460398083
17,17,11.005,19.6086923699
17,17,11.505,19.3360367061
17,17,12.005,19.094152982
17,17,12.505,18.9202532692
17,17,13.005,18.7494216532
17,17,13.505,18.496124017
17,17,14.005,18.2523225431
17,17,14.505,18.0752625673
17,17,15.005,17.9589591727
17,17,15.505,17.816082375
17,17,16.005,17.551295347
17,17,16.505,17.313279034
17,17,17.005,17.0651933595
17,17,17.505,16.7809656073
17,17,18.005,16.485477736
17,17,18.505,16.2509165353
17,17,19.005,16.005152996099998
17,17,19.505,15.8095681902
17,17,20.005,15.5494664453
17,17,20.505,15.2682727937
17,17,21.005,15.0616646932
17,17,21.505,14.824871878900002
18,18,2.005,23.517056090100002
18,18,2.505,23.4895416381
18,18,3.005,23.4461440359
18,18,3.505,23.4255175213
18,18,4.005,23.3657881597
18,18,4.505,23.2865382739
18,18,5.005,23.2526677365
18,18,5.505,23.1426205373
18,18,6.005,22.8025357127
18,18,6.505,22.4104251732
18,18,7.005,21.940899663499998
18,18,7.505,21.4297197508
18,18,8.005,21.0108091614
18,18,8.505,20.585109481
18,18,9.005,20.233740460099998
18,18,9.505,20.0580955682
18,18,10.005,19.897882849600002
18,18,10.505,19.7460398083
18,18,11.005,19.6086923699
18,18,11.505,19.3360367061
18,18,12.005,19.094152982
18,18,12.505,18.9202532692
18,18,13.005,18.7494216532
18,18,13.505,18.496124017
18,18,14.005,18.2523225431
18,18,14.505,18.0752625673
18,18,15.005,17.9589591727
18,18,15.505,17.816082375
18,18,16.005,17.551295347
18,18,16.505,17.313279034
18,18,17.005,17.0651933595
18,18,17.505,16.7809656073
18,18,18.005,16.485477736
18,18,18.505,16.2509165353
18,18,19.005,16.005152996099998
18,18,19.505,15.8095681902
18,18,20.005,15.5494664453
18,18,20.505,15.2682727937
18,18,21.005,15.0616646932
18,18,21.505,14.824871878900002
19,19,2.005,23.517056090100002
19,19,2.505,23.4895416381
19,19,3.005,23.4461440359
19,19,3.505,23.4255175213
19,19,4.005,23.3657881597
19,19,4.505,23.2865382739
19,19,5.005,23.2526677365
19,19,5.505,23.1426205373
19,19,6.005,22.8025357127
19,19,6.505,22.4104251732
19,19,7.005,21.940899663499998
19,19,7.505,21.4297197508
19,19,8.005,21.0108091614
19,19,8.505,20.585109481
19,19,9.005,20.233740460099998
19,19,9.505,20.0580955682
19,19,10.005,19.897882849600002
19,19,10.505,19.7460398083
19,19,11.005,19.6086923699
19,19,11.505,19.3360367061
19,19,12.005,19.094152982
19,19,12.505,18.9202532692
19,19,13.005,18.7494216532
19,19,13.505,18.496124017
19,19,14.005,18.2523225431
19,19,14.505,18.0752625673
19,19,15.005,17.9589591727
19,19,15.505,17.816082375
19,19,16.005,17.551295347
19,19,16.505,17.313279034
19,19,17.005,17.0651933595
19,19,17.505,16.7809656073
19,19,18.005,16.485477736
19,19,18.505,16.2509165353
19,19,19.005,16.005152996099998
19,19,19.505,15.8095681902
19,19,20.005,15.5494664453
19,19,20.505,15.2682727937
19,19,21.005,15.0616646932
19,19,21.505,14.824871878900002
20,20,2.005,23.517056090100002
20,20,2.505,23.4895416381
20,20,3.005,23.4461440359
20,20,3.505,23.4255175213
20,20,4.005,23.3657881597
20,20,4.505,23.2865382739
20,20,5.005,23.2526677365
20,20,5.505,23.1426205373
20,20,6.005,22.8025357127
20,20,6.505,22.4104251732
20,20,7.005,21.940899663499998
20,20,7.505,21.4297197508
20,20,8.005,21.0108091614
20,20,8.505,20.585109481
20,20,9.005,20.233740460099998
20,20,9.505,20.0580955682
20,20,10.005,19.897882849600002
20,20,10.505,19.7460398083
20,20,11.005,19.6086923699
20,20,11.505,19.3360367061
20,20,12.005,19.094152982
20,20,12.505,18.9202532692
20,20,13.005,18.7494216532
20,20,13.505,18.496124017
20,20,14.005,18.2523225431
20,20,14.505,18.0752625673
20,20,15.005,17.9589591727
20,20,15.505,17.816082375
20,20,16.005,17.551295347
20,20,16.505,17.313279034
20,20,17.005,17.0651933595
20,20,17.505,16.7809656073
20,20,18.005,16.485477736
20,20,18.505,16.2509165353
20,20,19.005,16.005152996099998
20,20,19.505,15.8095681902
20,20,20.005,15.5494664453
20,20,20.505,15.2682727937
20,20,21.005,15.0616646932
20,20,21.505,14.824871878900002
21,21,2.005,23.517056090100002
21,21,2.505,23.4895416381
21,21,3.005,23.4461440359
21,21,3.505,23.4255175213
21,21,4.005,23.3657881597
21,21,4.505,23.2865382739
21,21,5.005,23.2526677365
21,21,5.505,23.1426205373
21,21,6.005,22.8025357127
21,21,6.505,22.4104251732
21,21,7.005,21.940899663499998
21,21,7.505,21.4297197508
21,21,8.005,21.0108091614
21,21,8.505,20.585109481
21,21,9.005,20.233740460099998
21,21,9.505,20.0580955682
21,21,10.005,19.897882849600002
21,21,10.505,19.7460398083
21,21,11.005,19.6086923699
21,21,11.505,19.3360367061
21,21,12.005,19.094152982
21,21,12.505,18.9202532692
21,21,13.005,18.7494216532
21,21,13.505,18.496124017
21,21,14.005,18.2523225431
21,21,14.505,18.0752625673
21,21,15.005,17.9589591727
21,21,15.505,17.816082375
21,21,16.005,17.551295347
21,21,16.505,17.313279034
21,21,17.005,17.0651933595
21,21,17.505,16.7809656073
21,21,18.005,16.485477736
21,21,18.505,16.2509165353
21,21,19.005,16.005152996099998
21,21,19.505,15.8095681902
21,21,20.005,15.5494664453
21,21,20.505,15.2682727937
21,21,21.005,15.0616646932
21,21,21.505,14.824871878900002
22,22,2.005,23.517056090100002
22,22,2.505,23.4895416381
22,22,3.005,23.4461440359
22,22,3.505,23.4255175213
22,22,4.005,23.3657881597
22,22,4.505,23.2865382739
22,22,5.005,23.2526677365
22,22,5.505,23.1426205373
22,22,6.005,22.8025357127
22,22,6.505,22.4104251732
22,22,7.005,21.940899663499998
22,22,7.505,21.4297197508
22,22,8.005,21.0108091614
22,22,8.505,20.585109481
22,22,9.005,20.233740460099998
22,22,9.505,20.0580955682
22,22,10.005,19.897882849600002
22,22,10.505,19.7460398083
22,22,11.005,19.6086923699
22,22,11.505,19.3360367061
22,22,12.005,19.094152982
22,22,12.505,18.9202532692
22,22,13.005,18.7494216532
22,22,13.505,18.496124017
22,22,14.005,18.2523225431
22,22,14.505,18.0752625673
22,22,15.005,17.9589591727
22,22,15.505,17.816082375
22,22,16.005,17.551295347
22,22,16.505,17.313279034
22,22,17.005,17.0651933595
22,22,17.505,16.7809656073
22,22,18.005,16.485477736
22,22,18.505,16.2509165353
22,22,19.005,16.005152996099998
22,22,19.505,15.8095681902
22,22,20.005,15.5494664453
22,22,20.505,15.2682727937
22,22,21.005,15.0616646932
22,22,21.505,14.824871878900002
23,23,2.005,23.517056090100002
23,23,2.505,23.4895416381
23,23,3.005,23.4461440359
23,23,3.505,23.4255175213
23,23,4.005,23.3657881597
23,23,4.505,23.2865382739
23,23,5.005,23.2526677365
23,23,5.505,23.1426205373
23,23,6.005,22.8025357127
23,23,6.505,22.4104251732
23,23,7.005,21.940899663499998
23,23,7.505,21.4297197508
23,23,8.005,21.0108091614
23,23,8.505,20.585109481
23,23,9.005,20.233740460099998
23,23,9.505,20.0580955682
23,23,10.005,19.897882849600002
23,23,10.505,19.7460398083
23,23,11.005,19.6086923699
23,23,11.505,19.3360367061
23,23,12.005,19.094152982
23,23,12.505,18.9202532692
23,23,13.005,18.7494216532
23,23,13.505,18.496124017
23,23,14.005,18.2523225431
23,23,14.505,18.0752625673
23,23,15.005,17.9589591727
23,23,15.505,17.816082375
23,23,16.005,17.551295347
23,23,16.505,17.313279034
23,23,17.005,17.0651933595
23,23,17.505,16.7809656073
23,23,18.005,16.485477736
23,23,18.505,16.2509165353
23,23,19.005,16.005152996099998
23,23,19.505,15.8095681902
23,23,20.005,15.5494664453
23,23,20.505,15.2682727937
23,23,21.005,15.0616646932
23,23,21.505,14.824871878900002
24,24,2.005,23.517056090100002
24,24,2.505,23.4895416381
24,24,3.005,23.4461440359
24,24,3.505,23.4255175213
24,24,4.005,23.3657881597
24,24,4.505,23.2865382739
24,24,5.005,23.2526677365
24,24,5.505,23.1426205373
24,24,6.005,22.8025357127
24,24,6.505,22.4104251732
24,24,7.005,21.940899663499998
24,24,7.505,21.4297197508
24,24,8.005,21.0108091614
24,24,8.505,20.585109481
24,24,9.005,20.233740460099998
24,24,9.505,20.0580955682
24,24,10.005,19.897882849600002
24,24,10.505,19.7460398083
24,24,11.005,19.6086923699
24,24,11.505,19.3360367061
24,24,12.005,19.094152982
24,24,12.505,18.9202532692
24,24,13.005,18.7494216532
24,24,13.505,18.496124017
24,24,14.005,18.2523225431
24,24,14.505,18.0752625673
24,24,15.005,17.9589591727
24,24,15.505,17.816082375
24,24,16.005,17.551295347
24,24,16.505,17.313279034
24,24,17.005,17.0651933595
24,24,17.505,16.7809656073
24,24,18.005,16.485477736
24,24,18.505,16.2509165353
24,24,19.005,16.005152996099998
24,24,19.505,15.8095681902
24,24,20.005,15.5494664453
24,24,20.505,15.2682727937
24,24,21.005,15.0616646932
24,24,21.505,14.824871878900002
25,25,2.005,23.517056090100002
25,25,2.505,23.4895416381
25,25,3.005,23.4461440359
25,25,3.505,23.4255175213
25,25,4.005,23.3657881597
25,25,4.505,23.2865382739
25,25,5.005,23.2526677365
25,25,5.505,23.1426205373
25,25,6.005,22.8025357127
25,25,6.505,22.4104251732
25,25,7.005,21.940899663499998
25,25,7.505,21.4297197508
25,25,8.005,21.0108091614
25,25,8.505,20.585109481
25,25,9.005,20.233740460099998
25,25,9.505,20.0580955682
25,25,10.005,19.897882849600002
25,25,10.505,19.7460398083
25,25,11.005,19.6086923699
25,25,11.505,19.3360367061
25,25,12.005,19.094152982
25,25,12.505,18.9202532692
25,25,13.005,18.7494216532
25,25,13.505,18.496124017
25,25,14.005,18.2523225431
25,25,14.505,18.0752625673
25,25,15.005,17.9589591727
25,25,15.505,17.816082375
25,25,16.005,17.551295347
25,25,16.505,17.313279034
25,25,17.005,17.0651933595
25,25,17.505,16.7809656073
25,25,18.005,16.485477736
25,25,18.505,16.2509165353
25,25,19.005,16.005152996099998
25,25,19.505,15.8095681902
25,25,20.005,15.5494664453
25,25,20.505,15.2682727937
25,25,21.005,15.0616646932
25,25,21.505,14.824871878900002
26,26,2.005,23.517056090100002
26,26,2.505,23.4895416381
26,26,3.005,23.4461440359
26,26,3.505,23.4255175213
26,26,4.005,23.3657881597
26,26,4.505,23.2865382739
26,26,5.005,23.2526677365
26,26,5.505,23.1426205373
26,26,6.005,22.8025357127
26,26,6.505,22.4104251732
26,26,7.005,21.940899663499998
26,26,7.505,21.4297197508
26,26,8.005,21.0108091614
26,26,8.505,20.585109481
26,26,9.005,20.233740460099998
26,26,9.505,20.0580955682
26,26,10.005,19.897882849600002
26,26,10.505,19.7460398083
26,26,11.005,19.6086923699
26,26,11.505,19.3360367061
26,26,12.005,19.094152982
26,26,12.505,18.9202532692
26,26,13.005,18.7494216532
26,26,13.505,18.496124017
26,26,14.005,18.2523225431
26,26,14.505,18.0752625673
26,26,15.005,17.9589591727
26,26,15.505,17.816082375
26,26,16.005,17.551295347
26,26,16.505,17.313279034
26,26,17.005,17.0651933595
26,26,17.505,16.7809656073
26,26,18.005,16.485477736
26,26,18.505,16.2509165353
26,26,19.005,16.005152996099998
26,26,19.505,15.8095681902
26,26,20.005,15.5494664453
26,26,20.505,15.2682727937
26,26,21.005,15.0616646932
26,26,21.505,14.824871878900002
27,27,2.005,23.517056090100002
27,27,2.505,23.4895416381
27,27,3.005,23.4461440359
27,27,3.505,23.4255175213
27,27,4.005,23.3657881597
27,27,4.505,23.2865382739
27,27,5.005,23.2526677365
27,27,5.505,23.1426205373
27,27,6.005,22.8025357127
27,27,6.505,22.4104251732
27,27,7.005,21.940899663499998
27,27,7.505,21.4297197508
27,27,8.005,21.0108091614
27,27,8.505,20.585109481
27,27,9.005,20.233740460099998
27,27,9.505,20.0580955682
27,27,10.005,19.897882849600002
27,27,10.505,19.7460398083
27,27,11.005,19.6086923699
27,27,11.505,19.3360367061
27,27,12.005,19.094152982
27,27,12.505,18.9202532692
27,27,13.005,18.7494216532
27,27,13.505,18.496124017
27,27,14.005,18.2523225431
27,27,14.505,18.0752625673
27,27,15.005,17.9589591727
27,27,15.505,17.816082375
27,27,16.005,17.551295347
27,27,16.505,17.313279034
27,27,17.005,17.0651933595
27,27,17.505,16.7809656073
27,27,18.005,16.485477736
27,27,18.505,16.2509165353
27,27,19.005,16.005152996099998
27,27,19.505,15.8095681902
27,27,20.005,15.5494664453
27,27,20.505,15.2682727937
27,27,21.005,15.0616646932
27,27,21.505,14.824871878900002
28,28,2.005,23.517056090100002
28,28,2.505,23.4895416381
28,28,3.005,23.4461440359
28,28,3.505,23.4255175213
28,28,4.005,23.3657881597
28,28,4.505,23.2865382739
28,28,5.005,23.2526677365
28,28,5.505,23.1426205373
28,28,6.005,22.8025357127
28,28,6.505,22.4104251732
28,28,7.005,21.940899663499998
28,28,7.505,21.4297197508
28,28,8.005,21.0108091614
28,28,8.505,20.585109481
28,28,9.005,20.233740460099998
28,28,9.505,20.0580955682
28,28,10.005,19.897882849600002
28,28,10.505,19.7460398083
28,28,11.005,19.6086923699
28,28,11.505,19.3360367061
28,28,12.005,19.094152982
28,28,12.505,18.9202532692
28,28,13.005,18.7494216532
28,28,13.505,18.496124017
28,28,14.005,18.2523225431
28,28,14.505,18.0752625673
28,28,15.005,17.9589591727
28,28,15.505,17.816082375
28,28,16.005,17.551295347
28,28,16.505,17.313279034
28,28,17.005,17.0651933595
28,28,17.505,16.7809656073
28,28,18.005,16.485477736
28,28,18.505,16.2509165353
28,28,19.005,16.005152996099998
28,28,19.505,15.8095681902
28,28,20.005,15.5494664453
28,28,20.505,15.2682727937
28,28,21.005,15.0616646932
28,28,21.505,14.824871878900002
29,29,2.005,23.517056090100002
29,29,2.505,23.4895416381
29,29,3.005,23.4461440359
29,29,3.505,23.4255175213
29,29,4.005,23.3657881597
29,29,4.505,23.2865382739
29,29,5.005,23.2526677365
29,29,5.505,23.1426205373
29,29,6.005,22.8025357127
29,29,6.505,22.4104251732
29,29,7.005,21.940899663499998
29,29,7.505,21.4297197508
29,29,8.005,21.0108091614
29,29,8.505,20.585109481
29,29,9.005,20.233740460099998
29,29,9.505,20.0580955682
29,29,10.005,19.897882849600002
29,29,10.505,19.7460398083
29,29,11.005,19.6086923699
29,29,11.505,19.3360367061
29,29,12.005,19.094152982
29,29,12.505,18.9202532692
29,29,13.005,18.7494216532
29,29,13.505,18.496124017
29,29,14.005,18.2523225431
29,29,14.505,18.0752625673
29,29,15.005,17.9589591727
29,29,15.505,17.816082375
29,29,16.005,17.551295347
29,29,16.505,17.313279034
29,29,17.005,17.0651933595
29,29,17.505,16.7809656073
29,29,18.005,16.485477736
29,29,18.505,16.2509165353
29,29,19.005,16.005152996099998
29,29,19.505,15.8095681902
29,29,20.005,15.5494664453
29,29,20.505,15.2682727937
29,29,21.005,15.0616646932
29,29,21.505,14.824871878900002
30,30,2.005,23.517056090100002
30,30,2.505,23.4895416381
30,30,3.005,23.4461440359
30,30,3.505,23.4255175213
30,30,4.005,23.3657881597
30,30,4.505,23.2865382739
30,30,5.005,23.2526677365
30,30,5.505,23.1426205373
30,30,6.005,22.8025357127
30,30,6.505,22.4104251732
30,30,7.005,21.940899663499998
30,30,7.505,21.4297197508
30,30,8.005,21.0108091614
30,30,8.505,20.585109481
30,30,9.005,20.233740460099998
30,30,9.505,20.0580955682
30,30,10.005,19.897882849600002
30,30,10.505,19.7460398083
30,30,11.005,19.6086923699
30,30,11.505,19.3360367061
30,30,12.005,19.094152982
30,30,12.505,18.9202532692
30,30,13.005,18.7494216532
30,30,13.505,18.496124017
30,30,14.005,18.2523225431
30,30,14.505,18.0752625673
30,30,15.005,17.9589591727
30,30,15.505,17.816082375
30,30,16.005,17.551295347
30,30,16.505,17.313279034
30,30,17.005,17.0651933595
30,30,17.505,16.7809656073
30,30,18.005,16.485477736
30,30,18.505,16.2509165353
30,30,19.005,16.005152996099998
30,30,19.505,15.8095681902
30,30,20.005,15.5494664453
30,30,20.505,15.2682727937
30,30,21.005,15.0616646932
30,30,21.505,14.824871878900002
