,Day,Depth,Temperature
1,1,2.001,21.8416015562
1,1,2.501,21.8145934544
1,1,3.0010000000000003,21.7876974516
1,1,3.5010000000000003,21.7639168994
1,1,4.001,21.7385961885
1,1,4.501,21.7169609274
1,1,5.001,21.6990974422
1,1,5.501,21.686069411
1,1,6.001,21.6278524658
1,1,6.501,21.5775972379
1,1,7.001,21.497263601599997
1,1,7.501,21.3601540206
1,1,8.001,21.136397034
1,1,8.501,20.7595332296
1,1,9.001,20.229477034400002
1,1,9.501,19.7095802152
1,1,10.001,19.1237124314
1,1,10.501,18.5070171255
1,1,11.001,17.979427300999998
1,1,11.501,17.5513146469
1,1,12.001,17.228355035
1,1,12.501,16.986145550899998
1,1,13.001,16.760150801800002
1,1,13.501,16.587182443699998
1,1,14.001,16.4811937729
1,1,14.501,16.3649476048
1,1,15.001,16.252658364600002
1,1,15.501,16.1782522159
1,1,16.000999999999998,16.1044922552
1,1,16.500999999999998,16.0033192401
1,1,17.000999999999998,15.91031106
1,1,17.500999999999998,15.8181124525
1,1,18.000999999999998,15.739901675499999
1,1,18.500999999999998,15.6727488496
1,1,19.000999999999998,15.5991834547
1,1,19.500999999999998,15.515446708199999
1,1,20.000999999999998,15.4524584853
1,1,20.500999999999998,15.394359769400001
1,1,21.000999999999998,15.3241708235
1,1,21.500999999999998,15.2542207459
1,1,22.000999999999998,15.171851411099999
1,1,22.500999999999998,15.098973172
1,1,23.000999999999998,15.0369185394
1,1,23.500999999999998,14.9467194416
1,1,24.000999999999998,14.847183904100001
1,1,24.500999999999998,14.771344032
1,1,25.000999999999998,14.6630094277
1,1,25.500999999999998,14.5726188776
1,1,26.000999999999998,14.4804880128
1,1,26.500999999999998,14.3973151348
1,1,27.000999999999998,14.3212089732
1,1,27.500999999999998,14.245571136199999
1,1,28.000999999999998,14.165733875199999
1,1,28.500999999999998,14.090742649300001
1,1,29.000999999999998,14.0111903333
1,1,29.500999999999998,13.9373600891
1,1,30.000999999999998,13.849632489500001
1,1,30.500999999999998,13.7438659364
1,1,31.000999999999998,13.6625568533
1,1,31.500999999999998,13.556364849500001
1,1,32.001,13.4384838941
1,1,32.501,13.2867779465
1,1,33.001,13.1617544012
1,1,33.501,13.0277984394
1,1,34.001,12.8848518597
1,1,34.501,12.7391466878
1,1,35.001,12.5991253425
1,1,35.501,12.456995270899998
1,1,36.001,12.3403369221
1,1,36.501,12.182992108399999
1,1,37.001,12.0489000008
1,1,37.501,11.9469225899
1,1,38.001,11.8252778206
2,2,2.001,21.8416015562
2,2,2.501,21.8145934544
2,2,3.0010000000000003,21.7876974516
2,2,3.5010000000000003,21.7639168994
2,2,4.001,21.7385961885
2,2,4.501,21.7169609274
2,2,5.001,21.6990974422
2,2,5.501,21.686069411
2,2,6.001,21.6278524658
2,2,6.501,21.5775972379
2,2,7.001,21.497263601599997
2,2,7.501,21.3601540206
2,2,8.001,21.136397034
2,2,8.501,20.7595332296
2,2,9.001,20.229477034400002
2,2,9.501,19.7095802152
2,2,10.001,19.1237124314
2,2,10.501,18.5070171255
2,2,11.001,17.979427300999998
2,2,11.501,17.5513146469
2,2,12.001,17.228355035
2,2,12.501,16.986145550899998
2,2,13.001,16.760150801800002
2,2,13.501,16.587182443699998
2,2,14.001,16.4811937729
2,2,14.501,16.3649476048
2,2,15.001,16.252658364600002
2,2,15.501,16.1782522159
2,2,16.000999999999998,16.1044922552
2,2,16.500999999999998,16.0033192401
2,2,17.000999999999998,15.91031106
2,2,17.500999999999998,15.8181124525
2,2,18.000999999999998,15.739901675499999
2,2,18.500999999999998,15.6727488496
2,2,19.000999999999998,15.5991834547
2,2,19.500999999999998,15.515446708199999
2,2,20.000999999999998,15.4524584853
2,2,20.500999999999998,15.394359769400001
2,2,21.000999999999998,15.3241708235
2,2,21.500999999999998,15.2542207459
2,2,22.000999999999998,15.171851411099999
2,2,22.500999999999998,15.098973172
2,2,23.000999999999998,15.0369185394
2,2,23.500999999999998,14.9467194416
2,2,24.000999999999998,14.847183904100001
2,2,24.500999999999998,14.771344032
2,2,25.000999999999998,14.6630094277
2,2,25.500999999999998,14.5726188776
2,2,26.000999999999998,14.4804880128
2,2,26.500999999999998,14.3973151348
2,2,27.000999999999998,14.3212089732
2,2,27.500999999999998,14.245571136199999
2,2,28.000999999999998,14.165733875199999
2,2,28.500999999999998,14.090742649300001
2,2,29.000999999999998,14.0111903333
2,2,29.500999999999998,13.9373600891
2,2,30.000999999999998,13.849632489500001
2,2,30.500999999999998,13.7438659364
2,2,31.000999999999998,13.6625568533
2,2,31.500999999999998,13.556364849500001
2,2,32.001,13.4384838941
2,2,32.501,13.2867779465
2,2,33.001,13.1617544012
2,2,33.501,13.0277984394
2,2,34.001,12.8848518597
2,2,34.501,12.7391466878
2,2,35.001,12.5991253425
2,2,35.501,12.456995270899998
2,2,36.001,12.3403369221
2,2,36.501,12.182992108399999
2,2,37.001,12.0489000008
2,2,37.501,11.9469225899
2,2,38.001,11.8252778206
3,3,2.001,21.8416015562
3,3,2.501,21.8145934544
3,3,3.0010000000000003,21.7876974516
3,3,3.5010000000000003,21.7639168994
3,3,4.001,21.7385961885
3,3,4.501,21.7169609274
3,3,5.001,21.6990974422
3,3,5.501,21.686069411
3,3,6.001,21.6278524658
3,3,6.501,21.5775972379
3,3,7.001,21.497263601599997
3,3,7.501,21.3601540206
3,3,8.001,21.136397034
3,3,8.501,20.7595332296
3,3,9.001,20.229477034400002
3,3,9.501,19.7095802152
3,3,10.001,19.1237124314
3,3,10.501,18.5070171255
3,3,11.001,17.979427300999998
3,3,11.501,17.5513146469
3,3,12.001,17.228355035
3,3,12.501,16.986145550899998
3,3,13.001,16.760150801800002
3,3,13.501,16.587182443699998
3,3,14.001,16.4811937729
3,3,14.501,16.3649476048
3,3,15.001,16.252658364600002
3,3,15.501,16.1782522159
3,3,16.000999999999998,16.1044922552
3,3,16.500999999999998,16.0033192401
3,3,17.000999999999998,15.91031106
3,3,17.500999999999998,15.8181124525
3,3,18.000999999999998,15.739901675499999
3,3,18.500999999999998,15.6727488496
3,3,19.000999999999998,15.5991834547
3,3,19.500999999999998,15.515446708199999
3,3,20.000999999999998,15.4524584853
3,3,20.500999999999998,15.394359769400001
3,3,21.000999999999998,15.3241708235
3,3,21.500999999999998,15.2542207459
3,3,22.000999999999998,15.171851411099999
3,3,22.500999999999998,15.098973172
3,3,23.000999999999998,15.0369185394
3,3,23.500999999999998,14.9467194416
3,3,24.000999999999998,14.847183904100001
3,3,24.500999999999998,14.771344032
3,3,25.000999999999998,14.6630094277
3,3,25.500999999999998,14.5726188776
3,3,26.000999999999998,14.4804880128
3,3,26.500999999999998,14.3973151348
3,3,27.000999999999998,14.3212089732
3,3,27.500999999999998,14.245571136199999
3,3,28.000999999999998,14.165733875199999
3,3,28.500999999999998,14.090742649300001
3,3,29.000999999999998,14.0111903333
3,3,29.500999999999998,13.9373600891
3,3,30.000999999999998,13.849632489500001
3,3,30.500999999999998,13.7438659364
3,3,31.000999999999998,13.6625568533
3,3,31.500999999999998,13.556364849500001
3,3,32.001,13.4384838941
3,3,32.501,13.2867779465
3,3,33.001,13.1617544012
3,3,33.501,13.0277984394
3,3,34.001,12.8848518597
3,3,34.501,12.7391466878
3,3,35.001,12.5991253425
3,3,35.501,12.456995270899998
3,3,36.001,12.3403369221
3,3,36.501,12.182992108399999
3,3,37.001,12.0489000008
3,3,37.501,11.9469225899
3,3,38.001,11.8252778206
4,4,2.001,21.8416015562
4,4,2.501,21.8145934544
4,4,3.0010000000000003,21.7876974516
4,4,3.5010000000000003,21.7639168994
4,4,4.001,21.7385961885
4,4,4.501,21.7169609274
4,4,5.001,21.6990974422
4,4,5.501,21.686069411
4,4,6.001,21.6278524658
4,4,6.501,21.5775972379
4,4,7.001,21.497263601599997
4,4,7.501,21.3601540206
4,4,8.001,21.136397034
4,4,8.501,20.7595332296
4,4,9.001,20.229477034400002
4,4,9.501,19.7095802152
4,4,10.001,19.1237124314
4,4,10.501,18.5070171255
4,4,11.001,17.979427300999998
4,4,11.501,17.5513146469
4,4,12.001,17.228355035
4,4,12.501,16.986145550899998
4,4,13.001,16.760150801800002
4,4,13.501,16.587182443699998
4,4,14.001,16.4811937729
4,4,14.501,16.3649476048
4,4,15.001,16.252658364600002
4,4,15.501,16.1782522159
4,4,16.000999999999998,16.1044922552
4,4,16.500999999999998,16.0033192401
4,4,17.000999999999998,15.91031106
4,4,17.500999999999998,15.8181124525
4,4,18.000999999999998,15.739901675499999
4,4,18.500999999999998,15.6727488496
4,4,19.000999999999998,15.5991834547
4,4,19.500999999999998,15.515446708199999
4,4,20.000999999999998,15.4524584853
4,4,20.500999999999998,15.394359769400001
4,4,21.000999999999998,15.3241708235
4,4,21.500999999999998,15.2542207459
4,4,22.000999999999998,15.171851411099999
4,4,22.500999999999998,15.098973172
4,4,23.000999999999998,15.0369185394
4,4,23.500999999999998,14.9467194416
4,4,24.000999999999998,14.847183904100001
4,4,24.500999999999998,14.771344032
4,4,25.000999999999998,14.6630094277
4,4,25.500999999999998,14.5726188776
4,4,26.000999999999998,14.4804880128
4,4,26.500999999999998,14.3973151348
4,4,27.000999999999998,14.3212089732
4,4,27.500999999999998,14.245571136199999
4,4,28.000999999999998,14.165733875199999
4,4,28.500999999999998,14.090742649300001
4,4,29.000999999999998,14.0111903333
4,4,29.500999999999998,13.9373600891
4,4,30.000999999999998,13.849632489500001
4,4,30.500999999999998,13.7438659364
4,4,31.000999999999998,13.6625568533
4,4,31.500999999999998,13.556364849500001
4,4,32.001,13.4384838941
4,4,32.501,13.2867779465
4,4,33.001,13.1617544012
4,4,33.501,13.0277984394
4,4,34.001,12.8848518597
4,4,34.501,12.7391466878
4,4,35.001,12.5991253425
4,4,35.501,12.456995270899998
4,4,36.001,12.3403369221
4,4,36.501,12.182992108399999
4,4,37.001,12.0489000008
4,4,37.501,11.9469225899
4,4,38.001,11.8252778206
5,5,2.001,21.8416015562
5,5,2.501,21.8145934544
5,5,3.0010000000000003,21.7876974516
5,5,3.5010000000000003,21.7639168994
5,5,4.001,21.7385961885
5,5,4.501,21.7169609274
5,5,5.001,21.6990974422
5,5,5.501,21.686069411
5,5,6.001,21.6278524658
5,5,6.501,21.5775972379
5,5,7.001,21.497263601599997
5,5,7.501,21.3601540206
5,5,8.001,21.136397034
5,5,8.501,20.7595332296
5,5,9.001,20.229477034400002
5,5,9.501,19.7095802152
5,5,10.001,19.1237124314
5,5,10.501,18.5070171255
5,5,11.001,17.979427300999998
5,5,11.501,17.5513146469
5,5,12.001,17.228355035
5,5,12.501,16.986145550899998
5,5,13.001,16.760150801800002
5,5,13.501,16.587182443699998
5,5,14.001,16.4811937729
5,5,14.501,16.3649476048
5,5,15.001,16.252658364600002
5,5,15.501,16.1782522159
5,5,16.000999999999998,16.1044922552
5,5,16.500999999999998,16.0033192401
5,5,17.000999999999998,15.91031106
5,5,17.500999999999998,15.8181124525
5,5,18.000999999999998,15.739901675499999
5,5,18.500999999999998,15.6727488496
5,5,19.000999999999998,15.5991834547
5,5,19.500999999999998,15.515446708199999
5,5,20.000999999999998,15.4524584853
5,5,20.500999999999998,15.394359769400001
5,5,21.000999999999998,15.3241708235
5,5,21.500999999999998,15.2542207459
5,5,22.000999999999998,15.171851411099999
5,5,22.500999999999998,15.098973172
5,5,23.000999999999998,15.0369185394
5,5,23.500999999999998,14.9467194416
5,5,24.000999999999998,14.847183904100001
5,5,24.500999999999998,14.771344032
5,5,25.000999999999998,14.6630094277
5,5,25.500999999999998,14.5726188776
5,5,26.000999999999998,14.4804880128
5,5,26.500999999999998,14.3973151348
5,5,27.000999999999998,14.3212089732
5,5,27.500999999999998,14.245571136199999
5,5,28.000999999999998,14.165733875199999
5,5,28.500999999999998,14.090742649300001
5,5,29.000999999999998,14.0111903333
5,5,29.500999999999998,13.9373600891
5,5,30.000999999999998,13.849632489500001
5,5,30.500999999999998,13.7438659364
5,5,31.000999999999998,13.6625568533
5,5,31.500999999999998,13.556364849500001
5,5,32.001,13.4384838941
5,5,32.501,13.2867779465
5,5,33.001,13.1617544012
5,5,33.501,13.0277984394
5,5,34.001,12.8848518597
5,5,34.501,12.7391466878
5,5,35.001,12.5991253425
5,5,35.501,12.456995270899998
5,5,36.001,12.3403369221
5,5,36.501,12.182992108399999
5,5,37.001,12.0489000008
5,5,37.501,11.9469225899
5,5,38.001,11.8252778206
6,6,2.001,21.8416015562
6,6,2.501,21.8145934544
6,6,3.0010000000000003,21.7876974516
6,6,3.5010000000000003,21.7639168994
6,6,4.001,21.7385961885
6,6,4.501,21.7169609274
6,6,5.001,21.6990974422
6,6,5.501,21.686069411
6,6,6.001,21.6278524658
6,6,6.501,21.5775972379
6,6,7.001,21.497263601599997
6,6,7.501,21.3601540206
6,6,8.001,21.136397034
6,6,8.501,20.7595332296
6,6,9.001,20.229477034400002
6,6,9.501,19.7095802152
6,6,10.001,19.1237124314
6,6,10.501,18.5070171255
6,6,11.001,17.979427300999998
6,6,11.501,17.5513146469
6,6,12.001,17.228355035
6,6,12.501,16.986145550899998
6,6,13.001,16.760150801800002
6,6,13.501,16.587182443699998
6,6,14.001,16.4811937729
6,6,14.501,16.3649476048
6,6,15.001,16.252658364600002
6,6,15.501,16.1782522159
6,6,16.000999999999998,16.1044922552
6,6,16.500999999999998,16.0033192401
6,6,17.000999999999998,15.91031106
6,6,17.500999999999998,15.8181124525
6,6,18.000999999999998,15.739901675499999
6,6,18.500999999999998,15.6727488496
6,6,19.000999999999998,15.5991834547
6,6,19.500999999999998,15.515446708199999
6,6,20.000999999999998,15.4524584853
6,6,20.500999999999998,15.394359769400001
6,6,21.000999999999998,15.3241708235
6,6,21.500999999999998,15.2542207459
6,6,22.000999999999998,15.171851411099999
6,6,22.500999999999998,15.098973172
6,6,23.000999999999998,15.0369185394
6,6,23.500999999999998,14.9467194416
6,6,24.000999999999998,14.847183904100001
6,6,24.500999999999998,14.771344032
6,6,25.000999999999998,14.6630094277
6,6,25.500999999999998,14.5726188776
6,6,26.000999999999998,14.4804880128
6,6,26.500999999999998,14.3973151348
6,6,27.000999999999998,14.3212089732
6,6,27.500999999999998,14.245571136199999
6,6,28.000999999999998,14.165733875199999
6,6,28.500999999999998,14.090742649300001
6,6,29.000999999999998,14.0111903333
6,6,29.500999999999998,13.9373600891
6,6,30.000999999999998,13.849632489500001
6,6,30.500999999999998,13.7438659364
6,6,31.000999999999998,13.6625568533
6,6,31.500999999999998,13.556364849500001
6,6,32.001,13.4384838941
6,6,32.501,13.2867779465
6,6,33.001,13.1617544012
6,6,33.501,13.0277984394
6,6,34.001,12.8848518597
6,6,34.501,12.7391466878
6,6,35.001,12.5991253425
6,6,35.501,12.456995270899998
6,6,36.001,12.3403369221
6,6,36.501,12.182992108399999
6,6,37.001,12.0489000008
6,6,37.501,11.9469225899
6,6,38.001,11.8252778206
7,7,2.001,21.8416015562
7,7,2.501,21.8145934544
7,7,3.0010000000000003,21.7876974516
7,7,3.5010000000000003,21.7639168994
7,7,4.001,21.7385961885
7,7,4.501,21.7169609274
7,7,5.001,21.6990974422
7,7,5.501,21.686069411
7,7,6.001,21.6278524658
7,7,6.501,21.5775972379
7,7,7.001,21.497263601599997
7,7,7.501,21.3601540206
7,7,8.001,21.136397034
7,7,8.501,20.7595332296
7,7,9.001,20.229477034400002
7,7,9.501,19.7095802152
7,7,10.001,19.1237124314
7,7,10.501,18.5070171255
7,7,11.001,17.979427300999998
7,7,11.501,17.5513146469
7,7,12.001,17.228355035
7,7,12.501,16.986145550899998
7,7,13.001,16.760150801800002
7,7,13.501,16.587182443699998
7,7,14.001,16.4811937729
7,7,14.501,16.3649476048
7,7,15.001,16.252658364600002
7,7,15.501,16.1782522159
7,7,16.000999999999998,16.1044922552
7,7,16.500999999999998,16.0033192401
7,7,17.000999999999998,15.91031106
7,7,17.500999999999998,15.8181124525
7,7,18.000999999999998,15.739901675499999
7,7,18.500999999999998,15.6727488496
7,7,19.000999999999998,15.5991834547
7,7,19.500999999999998,15.515446708199999
7,7,20.000999999999998,15.4524584853
7,7,20.500999999999998,15.394359769400001
7,7,21.000999999999998,15.3241708235
7,7,21.500999999999998,15.2542207459
7,7,22.000999999999998,15.171851411099999
7,7,22.500999999999998,15.098973172
7,7,23.000999999999998,15.0369185394
7,7,23.500999999999998,14.9467194416
7,7,24.000999999999998,14.847183904100001
7,7,24.500999999999998,14.771344032
7,7,25.000999999999998,14.6630094277
7,7,25.500999999999998,14.5726188776
7,7,26.000999999999998,14.4804880128
7,7,26.500999999999998,14.3973151348
7,7,27.000999999999998,14.3212089732
7,7,27.500999999999998,14.245571136199999
7,7,28.000999999999998,14.165733875199999
7,7,28.500999999999998,14.090742649300001
7,7,29.000999999999998,14.0111903333
7,7,29.500999999999998,13.9373600891
7,7,30.000999999999998,13.849632489500001
7,7,30.500999999999998,13.7438659364
7,7,31.000999999999998,13.6625568533
7,7,31.500999999999998,13.556364849500001
7,7,32.001,13.4384838941
7,7,32.501,13.2867779465
7,7,33.001,13.1617544012
7,7,33.501,13.0277984394
7,7,34.001,12.8848518597
7,7,34.501,12.7391466878
7,7,35.001,12.5991253425
7,7,35.501,12.456995270899998
7,7,36.001,12.3403369221
7,7,36.501,12.182992108399999
7,7,37.001,12.0489000008
7,7,37.501,11.9469225899
7,7,38.001,11.8252778206
8,8,2.001,21.8416015562
8,8,2.501,21.8145934544
8,8,3.0010000000000003,21.7876974516
8,8,3.5010000000000003,21.7639168994
8,8,4.001,21.7385961885
8,8,4.501,21.7169609274
8,8,5.001,21.6990974422
8,8,5.501,21.686069411
8,8,6.001,21.6278524658
8,8,6.501,21.5775972379
8,8,7.001,21.497263601599997
8,8,7.501,21.3601540206
8,8,8.001,21.136397034
8,8,8.501,20.7595332296
8,8,9.001,20.229477034400002
8,8,9.501,19.7095802152
8,8,10.001,19.1237124314
8,8,10.501,18.5070171255
8,8,11.001,17.979427300999998
8,8,11.501,17.5513146469
8,8,12.001,17.228355035
8,8,12.501,16.986145550899998
8,8,13.001,16.760150801800002
8,8,13.501,16.587182443699998
8,8,14.001,16.4811937729
8,8,14.501,16.3649476048
8,8,15.001,16.252658364600002
8,8,15.501,16.1782522159
8,8,16.000999999999998,16.1044922552
8,8,16.500999999999998,16.0033192401
8,8,17.000999999999998,15.91031106
8,8,17.500999999999998,15.8181124525
8,8,18.000999999999998,15.739901675499999
8,8,18.500999999999998,15.6727488496
8,8,19.000999999999998,15.5991834547
8,8,19.500999999999998,15.515446708199999
8,8,20.000999999999998,15.4524584853
8,8,20.500999999999998,15.394359769400001
8,8,21.000999999999998,15.3241708235
8,8,21.500999999999998,15.2542207459
8,8,22.000999999999998,15.171851411099999
8,8,22.500999999999998,15.098973172
8,8,23.000999999999998,15.0369185394
8,8,23.500999999999998,14.9467194416
8,8,24.000999999999998,14.847183904100001
8,8,24.500999999999998,14.771344032
8,8,25.000999999999998,14.6630094277
8,8,25.500999999999998,14.5726188776
8,8,26.000999999999998,14.4804880128
8,8,26.500999999999998,14.3973151348
8,8,27.000999999999998,14.3212089732
8,8,27.500999999999998,14.245571136199999
8,8,28.000999999999998,14.165733875199999
8,8,28.500999999999998,14.090742649300001
8,8,29.000999999999998,14.0111903333
8,8,29.500999999999998,13.9373600891
8,8,30.000999999999998,13.849632489500001
8,8,30.500999999999998,13.7438659364
8,8,31.000999999999998,13.6625568533
8,8,31.500999999999998,13.556364849500001
8,8,32.001,13.4384838941
8,8,32.501,13.2867779465
8,8,33.001,13.1617544012
8,8,33.501,13.0277984394
8,8,34.001,12.8848518597
8,8,34.501,12.7391466878
8,8,35.001,12.5991253425
8,8,35.501,12.456995270899998
8,8,36.001,12.3403369221
8,8,36.501,12.182992108399999
8,8,37.001,12.0489000008
8,8,37.501,11.9469225899
8,8,38.001,11.8252778206
9,9,2.001,21.8416015562
9,9,2.501,21.8145934544
9,9,3.0010000000000003,21.7876974516
9,9,3.5010000000000003,21.7639168994
9,9,4.001,21.7385961885
9,9,4.501,21.7169609274
9,9,5.001,21.6990974422
9,9,5.501,21.686069411
9,9,6.001,21.6278524658
9,9,6.501,21.5775972379
9,9,7.001,21.497263601599997
9,9,7.501,21.3601540206
9,9,8.001,21.136397034
9,9,8.501,20.7595332296
9,9,9.001,20.229477034400002
9,9,9.501,19.7095802152
9,9,10.001,19.1237124314
9,9,10.501,18.5070171255
9,9,11.001,17.979427300999998
9,9,11.501,17.5513146469
9,9,12.001,17.228355035
9,9,12.501,16.986145550899998
9,9,13.001,16.760150801800002
9,9,13.501,16.587182443699998
9,9,14.001,16.4811937729
9,9,14.501,16.3649476048
9,9,15.001,16.252658364600002
9,9,15.501,16.1782522159
9,9,16.000999999999998,16.1044922552
9,9,16.500999999999998,16.0033192401
9,9,17.000999999999998,15.91031106
9,9,17.500999999999998,15.8181124525
9,9,18.000999999999998,15.739901675499999
9,9,18.500999999999998,15.6727488496
9,9,19.000999999999998,15.5991834547
9,9,19.500999999999998,15.515446708199999
9,9,20.000999999999998,15.4524584853
9,9,20.500999999999998,15.394359769400001
9,9,21.000999999999998,15.3241708235
9,9,21.500999999999998,15.2542207459
9,9,22.000999999999998,15.171851411099999
9,9,22.500999999999998,15.098973172
9,9,23.000999999999998,15.0369185394
9,9,23.500999999999998,14.9467194416
9,9,24.000999999999998,14.847183904100001
9,9,24.500999999999998,14.771344032
9,9,25.000999999999998,14.6630094277
9,9,25.500999999999998,14.5726188776
9,9,26.000999999999998,14.4804880128
9,9,26.500999999999998,14.3973151348
9,9,27.000999999999998,14.3212089732
9,9,27.500999999999998,14.245571136199999
9,9,28.000999999999998,14.165733875199999
9,9,28.500999999999998,14.090742649300001
9,9,29.000999999999998,14.0111903333
9,9,29.500999999999998,13.9373600891
9,9,30.000999999999998,13.849632489500001
9,9,30.500999999999998,13.7438659364
9,9,31.000999999999998,13.6625568533
9,9,31.500999999999998,13.556364849500001
9,9,32.001,13.4384838941
9,9,32.501,13.2867779465
9,9,33.001,13.1617544012
9,9,33.501,13.0277984394
9,9,34.001,12.8848518597
9,9,34.501,12.7391466878
9,9,35.001,12.5991253425
9,9,35.501,12.456995270899998
9,9,36.001,12.3403369221
9,9,36.501,12.182992108399999
9,9,37.001,12.0489000008
9,9,37.501,11.9469225899
9,9,38.001,11.8252778206
10,10,2.001,21.8416015562
10,10,2.501,21.8145934544
10,10,3.0010000000000003,21.7876974516
10,10,3.5010000000000003,21.7639168994
10,10,4.001,21.7385961885
10,10,4.501,21.7169609274
10,10,5.001,21.6990974422
10,10,5.501,21.686069411
10,10,6.001,21.6278524658
10,10,6.501,21.5775972379
10,10,7.001,21.497263601599997
10,10,7.501,21.3601540206
10,10,8.001,21.136397034
10,10,8.501,20.7595332296
10,10,9.001,20.229477034400002
10,10,9.501,19.7095802152
10,10,10.001,19.1237124314
10,10,10.501,18.5070171255
10,10,11.001,17.979427300999998
10,10,11.501,17.5513146469
10,10,12.001,17.228355035
10,10,12.501,16.986145550899998
10,10,13.001,16.760150801800002
10,10,13.501,16.587182443699998
10,10,14.001,16.4811937729
10,10,14.501,16.3649476048
10,10,15.001,16.252658364600002
10,10,15.501,16.1782522159
10,10,16.000999999999998,16.1044922552
10,10,16.500999999999998,16.0033192401
10,10,17.000999999999998,15.91031106
10,10,17.500999999999998,15.8181124525
10,10,18.000999999999998,15.739901675499999
10,10,18.500999999999998,15.6727488496
10,10,19.000999999999998,15.5991834547
10,10,19.500999999999998,15.515446708199999
10,10,20.000999999999998,15.4524584853
10,10,20.500999999999998,15.394359769400001
10,10,21.000999999999998,15.3241708235
10,10,21.500999999999998,15.2542207459
10,10,22.000999999999998,15.171851411099999
10,10,22.500999999999998,15.098973172
10,10,23.000999999999998,15.0369185394
10,10,23.500999999999998,14.9467194416
10,10,24.000999999999998,14.847183904100001
10,10,24.500999999999998,14.771344032
10,10,25.000999999999998,14.6630094277
10,10,25.500999999999998,14.5726188776
10,10,26.000999999999998,14.4804880128
10,10,26.500999999999998,14.3973151348
10,10,27.000999999999998,14.3212089732
10,10,27.500999999999998,14.245571136199999
10,10,28.000999999999998,14.165733875199999
10,10,28.500999999999998,14.090742649300001
10,10,29.000999999999998,14.0111903333
10,10,29.500999999999998,13.9373600891
10,10,30.000999999999998,13.849632489500001
10,10,30.500999999999998,13.7438659364
10,10,31.000999999999998,13.6625568533
10,10,31.500999999999998,13.556364849500001
10,10,32.001,13.4384838941
10,10,32.501,13.2867779465
10,10,33.001,13.1617544012
10,10,33.501,13.0277984394
10,10,34.001,12.8848518597
10,10,34.501,12.7391466878
10,10,35.001,12.5991253425
10,10,35.501,12.456995270899998
10,10,36.001,12.3403369221
10,10,36.501,12.182992108399999
10,10,37.001,12.0489000008
10,10,37.501,11.9469225899
10,10,38.001,11.8252778206
11,11,2.001,21.8416015562
11,11,2.501,21.8145934544
11,11,3.0010000000000003,21.7876974516
11,11,3.5010000000000003,21.7639168994
11,11,4.001,21.7385961885
11,11,4.501,21.7169609274
11,11,5.001,21.6990974422
11,11,5.501,21.686069411
11,11,6.001,21.6278524658
11,11,6.501,21.5775972379
11,11,7.001,21.497263601599997
11,11,7.501,21.3601540206
11,11,8.001,21.136397034
11,11,8.501,20.7595332296
11,11,9.001,20.229477034400002
11,11,9.501,19.7095802152
11,11,10.001,19.1237124314
11,11,10.501,18.5070171255
11,11,11.001,17.979427300999998
11,11,11.501,17.5513146469
11,11,12.001,17.228355035
11,11,12.501,16.986145550899998
11,11,13.001,16.760150801800002
11,11,13.501,16.587182443699998
11,11,14.001,16.4811937729
11,11,14.501,16.3649476048
11,11,15.001,16.252658364600002
11,11,15.501,16.1782522159
11,11,16.000999999999998,16.1044922552
11,11,16.500999999999998,16.0033192401
11,11,17.000999999999998,15.91031106
11,11,17.500999999999998,15.8181124525
11,11,18.000999999999998,15.739901675499999
11,11,18.500999999999998,15.6727488496
11,11,19.000999999999998,15.5991834547
11,11,19.500999999999998,15.515446708199999
11,11,20.000999999999998,15.4524584853
11,11,20.500999999999998,15.394359769400001
11,11,21.000999999999998,15.3241708235
11,11,21.500999999999998,15.2542207459
11,11,22.000999999999998,15.171851411099999
11,11,22.500999999999998,15.098973172
11,11,23.000999999999998,15.0369185394
11,11,23.500999999999998,14.9467194416
11,11,24.000999999999998,14.847183904100001
11,11,24.500999999999998,14.771344032
11,11,25.000999999999998,14.6630094277
11,11,25.500999999999998,14.5726188776
11,11,26.000999999999998,14.4804880128
11,11,26.500999999999998,14.3973151348
11,11,27.000999999999998,14.3212089732
11,11,27.500999999999998,14.245571136199999
11,11,28.000999999999998,14.165733875199999
11,11,28.500999999999998,14.090742649300001
11,11,29.000999999999998,14.0111903333
11,11,29.500999999999998,13.9373600891
11,11,30.000999999999998,13.849632489500001
11,11,30.500999999999998,13.7438659364
11,11,31.000999999999998,13.6625568533
11,11,31.500999999999998,13.556364849500001
11,11,32.001,13.4384838941
11,11,32.501,13.2867779465
11,11,33.001,13.1617544012
11,11,33.501,13.0277984394
11,11,34.001,12.8848518597
11,11,34.501,12.7391466878
11,11,35.001,12.5991253425
11,11,35.501,12.456995270899998
11,11,36.001,12.3403369221
11,11,36.501,12.182992108399999
11,11,37.001,12.0489000008
11,11,37.501,11.9469225899
11,11,38.001,11.8252778206
12,12,2.001,21.8416015562
12,12,2.501,21.8145934544
12,12,3.0010000000000003,21.7876974516
12,12,3.5010000000000003,21.7639168994
12,12,4.001,21.7385961885
12,12,4.501,21.7169609274
12,12,5.001,21.6990974422
12,12,5.501,21.686069411
12,12,6.001,21.6278524658
12,12,6.501,21.5775972379
12,12,7.001,21.497263601599997
12,12,7.501,21.3601540206
12,12,8.001,21.136397034
12,12,8.501,20.7595332296
12,12,9.001,20.229477034400002
12,12,9.501,19.7095802152
12,12,10.001,19.1237124314
12,12,10.501,18.5070171255
12,12,11.001,17.979427300999998
12,12,11.501,17.5513146469
12,12,12.001,17.228355035
12,12,12.501,16.986145550899998
12,12,13.001,16.760150801800002
12,12,13.501,16.587182443699998
12,12,14.001,16.4811937729
12,12,14.501,16.3649476048
12,12,15.001,16.252658364600002
12,12,15.501,16.1782522159
12,12,16.000999999999998,16.1044922552
12,12,16.500999999999998,16.0033192401
12,12,17.000999999999998,15.91031106
12,12,17.500999999999998,15.8181124525
12,12,18.000999999999998,15.739901675499999
12,12,18.500999999999998,15.6727488496
12,12,19.000999999999998,15.5991834547
12,12,19.500999999999998,15.515446708199999
12,12,20.000999999999998,15.4524584853
12,12,20.500999999999998,15.394359769400001
12,12,21.000999999999998,15.3241708235
12,12,21.500999999999998,15.2542207459
12,12,22.000999999999998,15.171851411099999
12,12,22.500999999999998,15.098973172
12,12,23.000999999999998,15.0369185394
12,12,23.500999999999998,14.9467194416
12,12,24.000999999999998,14.847183904100001
12,12,24.500999999999998,14.771344032
12,12,25.000999999999998,14.6630094277
12,12,25.500999999999998,14.5726188776
12,12,26.000999999999998,14.4804880128
12,12,26.500999999999998,14.3973151348
12,12,27.000999999999998,14.3212089732
12,12,27.500999999999998,14.245571136199999
12,12,28.000999999999998,14.165733875199999
12,12,28.500999999999998,14.090742649300001
12,12,29.000999999999998,14.0111903333
12,12,29.500999999999998,13.9373600891
12,12,30.000999999999998,13.849632489500001
12,12,30.500999999999998,13.7438659364
12,12,31.000999999999998,13.6625568533
12,12,31.500999999999998,13.556364849500001
12,12,32.001,13.4384838941
12,12,32.501,13.2867779465
12,12,33.001,13.1617544012
12,12,33.501,13.0277984394
12,12,34.001,12.8848518597
12,12,34.501,12.7391466878
12,12,35.001,12.5991253425
12,12,35.501,12.456995270899998
12,12,36.001,12.3403369221
12,12,36.501,12.182992108399999
12,12,37.001,12.0489000008
12,12,37.501,11.9469225899
12,12,38.001,11.8252778206
13,13,2.001,21.8416015562
13,13,2.501,21.8145934544
13,13,3.0010000000000003,21.7876974516
13,13,3.5010000000000003,21.7639168994
13,13,4.001,21.7385961885
13,13,4.501,21.7169609274
13,13,5.001,21.6990974422
13,13,5.501,21.686069411
13,13,6.001,21.6278524658
13,13,6.501,21.5775972379
13,13,7.001,21.497263601599997
13,13,7.501,21.3601540206
13,13,8.001,21.136397034
13,13,8.501,20.7595332296
13,13,9.001,20.229477034400002
13,13,9.501,19.7095802152
13,13,10.001,19.1237124314
13,13,10.501,18.5070171255
13,13,11.001,17.979427300999998
13,13,11.501,17.5513146469
13,13,12.001,17.228355035
13,13,12.501,16.986145550899998
13,13,13.001,16.760150801800002
13,13,13.501,16.587182443699998
13,13,14.001,16.4811937729
13,13,14.501,16.3649476048
13,13,15.001,16.252658364600002
13,13,15.501,16.1782522159
13,13,16.000999999999998,16.1044922552
13,13,16.500999999999998,16.0033192401
13,13,17.000999999999998,15.91031106
13,13,17.500999999999998,15.8181124525
13,13,18.000999999999998,15.739901675499999
13,13,18.500999999999998,15.6727488496
13,13,19.000999999999998,15.5991834547
13,13,19.500999999999998,15.515446708199999
13,13,20.000999999999998,15.4524584853
13,13,20.500999999999998,15.394359769400001
13,13,21.000999999999998,15.3241708235
13,13,21.500999999999998,15.2542207459
13,13,22.000999999999998,15.171851411099999
13,13,22.500999999999998,15.098973172
13,13,23.000999999999998,15.0369185394
13,13,23.500999999999998,14.9467194416
13,13,24.000999999999998,14.847183904100001
13,13,24.500999999999998,14.771344032
13,13,25.000999999999998,14.6630094277
13,13,25.500999999999998,14.5726188776
13,13,26.000999999999998,14.4804880128
13,13,26.500999999999998,14.3973151348
13,13,27.000999999999998,14.3212089732
13,13,27.500999999999998,14.245571136199999
13,13,28.000999999999998,14.165733875199999
13,13,28.500999999999998,14.090742649300001
13,13,29.000999999999998,14.0111903333
13,13,29.500999999999998,13.9373600891
13,13,30.000999999999998,13.849632489500001
13,13,30.500999999999998,13.7438659364
13,13,31.000999999999998,13.6625568533
13,13,31.500999999999998,13.556364849500001
13,13,32.001,13.4384838941
13,13,32.501,13.2867779465
13,13,33.001,13.1617544012
13,13,33.501,13.0277984394
13,13,34.001,12.8848518597
13,13,34.501,12.7391466878
13,13,35.001,12.5991253425
13,13,35.501,12.456995270899998
13,13,36.001,12.3403369221
13,13,36.501,12.182992108399999
13,13,37.001,12.0489000008
13,13,37.501,11.9469225899
13,13,38.001,11.8252778206
14,14,2.001,21.8416015562
14,14,2.501,21.8145934544
14,14,3.0010000000000003,21.7876974516
14,14,3.5010000000000003,21.7639168994
14,14,4.001,21.7385961885
14,14,4.501,21.7169609274
14,14,5.001,21.6990974422
14,14,5.501,21.686069411
14,14,6.001,21.6278524658
14,14,6.501,21.5775972379
14,14,7.001,21.497263601599997
14,14,7.501,21.3601540206
14,14,8.001,21.136397034
14,14,8.501,20.7595332296
14,14,9.001,20.229477034400002
14,14,9.501,19.7095802152
14,14,10.001,19.1237124314
14,14,10.501,18.5070171255
14,14,11.001,17.979427300999998
14,14,11.501,17.5513146469
14,14,12.001,17.228355035
14,14,12.501,16.986145550899998
14,14,13.001,16.760150801800002
14,14,13.501,16.587182443699998
14,14,14.001,16.4811937729
14,14,14.501,16.3649476048
14,14,15.001,16.252658364600002
14,14,15.501,16.1782522159
14,14,16.000999999999998,16.1044922552
14,14,16.500999999999998,16.0033192401
14,14,17.000999999999998,15.91031106
14,14,17.500999999999998,15.8181124525
14,14,18.000999999999998,15.739901675499999
14,14,18.500999999999998,15.6727488496
14,14,19.000999999999998,15.5991834547
14,14,19.500999999999998,15.515446708199999
14,14,20.000999999999998,15.4524584853
14,14,20.500999999999998,15.394359769400001
14,14,21.000999999999998,15.3241708235
14,14,21.500999999999998,15.2542207459
14,14,22.000999999999998,15.171851411099999
14,14,22.500999999999998,15.098973172
14,14,23.000999999999998,15.0369185394
14,14,23.500999999999998,14.9467194416
14,14,24.000999999999998,14.847183904100001
14,14,24.500999999999998,14.771344032
14,14,25.000999999999998,14.6630094277
14,14,25.500999999999998,14.5726188776
14,14,26.000999999999998,14.4804880128
14,14,26.500999999999998,14.3973151348
14,14,27.000999999999998,14.3212089732
14,14,27.500999999999998,14.245571136199999
14,14,28.000999999999998,14.165733875199999
14,14,28.500999999999998,14.090742649300001
14,14,29.000999999999998,14.0111903333
14,14,29.500999999999998,13.9373600891
14,14,30.000999999999998,13.849632489500001
14,14,30.500999999999998,13.7438659364
14,14,31.000999999999998,13.6625568533
14,14,31.500999999999998,13.556364849500001
14,14,32.001,13.4384838941
14,14,32.501,13.2867779465
14,14,33.001,13.1617544012
14,14,33.501,13.0277984394
14,14,34.001,12.8848518597
14,14,34.501,12.7391466878
14,14,35.001,12.5991253425
14,14,35.501,12.456995270899998
14,14,36.001,12.3403369221
14,14,36.501,12.182992108399999
14,14,37.001,12.0489000008
14,14,37.501,11.9469225899
14,14,38.001,11.8252778206
15,15,2.001,21.8416015562
15,15,2.501,21.8145934544
15,15,3.0010000000000003,21.7876974516
15,15,3.5010000000000003,21.7639168994
15,15,4.001,21.7385961885
15,15,4.501,21.7169609274
15,15,5.001,21.6990974422
15,15,5.501,21.686069411
15,15,6.001,21.6278524658
15,15,6.501,21.5775972379
15,15,7.001,21.497263601599997
15,15,7.501,21.3601540206
15,15,8.001,21.136397034
15,15,8.501,20.7595332296
15,15,9.001,20.229477034400002
15,15,9.501,19.7095802152
15,15,10.001,19.1237124314
15,15,10.501,18.5070171255
15,15,11.001,17.979427300999998
15,15,11.501,17.5513146469
15,15,12.001,17.228355035
15,15,12.501,16.986145550899998
15,15,13.001,16.760150801800002
15,15,13.501,16.587182443699998
15,15,14.001,16.4811937729
15,15,14.501,16.3649476048
15,15,15.001,16.252658364600002
15,15,15.501,16.1782522159
15,15,16.000999999999998,16.1044922552
15,15,16.500999999999998,16.0033192401
15,15,17.000999999999998,15.91031106
15,15,17.500999999999998,15.8181124525
15,15,18.000999999999998,15.739901675499999
15,15,18.500999999999998,15.6727488496
15,15,19.000999999999998,15.5991834547
15,15,19.500999999999998,15.515446708199999
15,15,20.000999999999998,15.4524584853
15,15,20.500999999999998,15.394359769400001
15,15,21.000999999999998,15.3241708235
15,15,21.500999999999998,15.2542207459
15,15,22.000999999999998,15.171851411099999
15,15,22.500999999999998,15.098973172
15,15,23.000999999999998,15.0369185394
15,15,23.500999999999998,14.9467194416
15,15,24.000999999999998,14.847183904100001
15,15,24.500999999999998,14.771344032
15,15,25.000999999999998,14.6630094277
15,15,25.500999999999998,14.5726188776
15,15,26.000999999999998,14.4804880128
15,15,26.500999999999998,14.3973151348
15,15,27.000999999999998,14.3212089732
15,15,27.500999999999998,14.245571136199999
15,15,28.000999999999998,14.165733875199999
15,15,28.500999999999998,14.090742649300001
15,15,29.000999999999998,14.0111903333
15,15,29.500999999999998,13.9373600891
15,15,30.000999999999998,13.849632489500001
15,15,30.500999999999998,13.7438659364
15,15,31.000999999999998,13.6625568533
15,15,31.500999999999998,13.556364849500001
15,15,32.001,13.4384838941
15,15,32.501,13.2867779465
15,15,33.001,13.1617544012
15,15,33.501,13.0277984394
15,15,34.001,12.8848518597
15,15,34.501,12.7391466878
15,15,35.001,12.5991253425
15,15,35.501,12.456995270899998
15,15,36.001,12.3403369221
15,15,36.501,12.182992108399999
15,15,37.001,12.0489000008
15,15,37.501,11.9469225899
15,15,38.001,11.8252778206
16,16,2.001,21.8416015562
16,16,2.501,21.8145934544
16,16,3.0010000000000003,21.7876974516
16,16,3.5010000000000003,21.7639168994
16,16,4.001,21.7385961885
16,16,4.501,21.7169609274
16,16,5.001,21.6990974422
16,16,5.501,21.686069411
16,16,6.001,21.6278524658
16,16,6.501,21.5775972379
16,16,7.001,21.497263601599997
16,16,7.501,21.3601540206
16,16,8.001,21.136397034
16,16,8.501,20.7595332296
16,16,9.001,20.229477034400002
16,16,9.501,19.7095802152
16,16,10.001,19.1237124314
16,16,10.501,18.5070171255
16,16,11.001,17.979427300999998
16,16,11.501,17.5513146469
16,16,12.001,17.228355035
16,16,12.501,16.986145550899998
16,16,13.001,16.760150801800002
16,16,13.501,16.587182443699998
16,16,14.001,16.4811937729
16,16,14.501,16.3649476048
16,16,15.001,16.252658364600002
16,16,15.501,16.1782522159
16,16,16.000999999999998,16.1044922552
16,16,16.500999999999998,16.0033192401
16,16,17.000999999999998,15.91031106
16,16,17.500999999999998,15.8181124525
16,16,18.000999999999998,15.739901675499999
16,16,18.500999999999998,15.6727488496
16,16,19.000999999999998,15.5991834547
16,16,19.500999999999998,15.515446708199999
16,16,20.000999999999998,15.4524584853
16,16,20.500999999999998,15.394359769400001
16,16,21.000999999999998,15.3241708235
16,16,21.500999999999998,15.2542207459
16,16,22.000999999999998,15.171851411099999
16,16,22.500999999999998,15.098973172
16,16,23.000999999999998,15.0369185394
16,16,23.500999999999998,14.9467194416
16,16,24.000999999999998,14.847183904100001
16,16,24.500999999999998,14.771344032
16,16,25.000999999999998,14.6630094277
16,16,25.500999999999998,14.5726188776
16,16,26.000999999999998,14.4804880128
16,16,26.500999999999998,14.3973151348
16,16,27.000999999999998,14.3212089732
16,16,27.500999999999998,14.245571136199999
16,16,28.000999999999998,14.165733875199999
16,16,28.500999999999998,14.090742649300001
16,16,29.000999999999998,14.0111903333
16,16,29.500999999999998,13.9373600891
16,16,30.000999999999998,13.849632489500001
16,16,30.500999999999998,13.7438659364
16,16,31.000999999999998,13.6625568533
16,16,31.500999999999998,13.556364849500001
16,16,32.001,13.4384838941
16,16,32.501,13.2867779465
16,16,33.001,13.1617544012
16,16,33.501,13.0277984394
16,16,34.001,12.8848518597
16,16,34.501,12.7391466878
16,16,35.001,12.5991253425
16,16,35.501,12.456995270899998
16,16,36.001,12.3403369221
16,16,36.501,12.182992108399999
16,16,37.001,12.0489000008
16,16,37.501,11.9469225899
16,16,38.001,11.8252778206
17,17,2.001,21.8416015562
17,17,2.501,21.8145934544
17,17,3.0010000000000003,21.7876974516
17,17,3.5010000000000003,21.7639168994
17,17,4.001,21.7385961885
17,17,4.501,21.7169609274
17,17,5.001,21.6990974422
17,17,5.501,21.686069411
17,17,6.001,21.6278524658
17,17,6.501,21.5775972379
17,17,7.001,21.497263601599997
17,17,7.501,21.3601540206
17,17,8.001,21.136397034
17,17,8.501,20.7595332296
17,17,9.001,20.229477034400002
17,17,9.501,19.7095802152
17,17,10.001,19.1237124314
17,17,10.501,18.5070171255
17,17,11.001,17.979427300999998
17,17,11.501,17.5513146469
17,17,12.001,17.228355035
17,17,12.501,16.986145550899998
17,17,13.001,16.760150801800002
17,17,13.501,16.587182443699998
17,17,14.001,16.4811937729
17,17,14.501,16.3649476048
17,17,15.001,16.252658364600002
17,17,15.501,16.1782522159
17,17,16.000999999999998,16.1044922552
17,17,16.500999999999998,16.0033192401
17,17,17.000999999999998,15.91031106
17,17,17.500999999999998,15.8181124525
17,17,18.000999999999998,15.739901675499999
17,17,18.500999999999998,15.6727488496
17,17,19.000999999999998,15.5991834547
17,17,19.500999999999998,15.515446708199999
17,17,20.000999999999998,15.4524584853
17,17,20.500999999999998,15.394359769400001
17,17,21.000999999999998,15.3241708235
17,17,21.500999999999998,15.2542207459
17,17,22.000999999999998,15.171851411099999
17,17,22.500999999999998,15.098973172
17,17,23.000999999999998,15.0369185394
17,17,23.500999999999998,14.9467194416
17,17,24.000999999999998,14.847183904100001
17,17,24.500999999999998,14.771344032
17,17,25.000999999999998,14.6630094277
17,17,25.500999999999998,14.5726188776
17,17,26.000999999999998,14.4804880128
17,17,26.500999999999998,14.3973151348
17,17,27.000999999999998,14.3212089732
17,17,27.500999999999998,14.245571136199999
17,17,28.000999999999998,14.165733875199999
17,17,28.500999999999998,14.090742649300001
17,17,29.000999999999998,14.0111903333
17,17,29.500999999999998,13.9373600891
17,17,30.000999999999998,13.849632489500001
17,17,30.500999999999998,13.7438659364
17,17,31.000999999999998,13.6625568533
17,17,31.500999999999998,13.556364849500001
17,17,32.001,13.4384838941
17,17,32.501,13.2867779465
17,17,33.001,13.1617544012
17,17,33.501,13.0277984394
17,17,34.001,12.8848518597
17,17,34.501,12.7391466878
17,17,35.001,12.5991253425
17,17,35.501,12.456995270899998
17,17,36.001,12.3403369221
17,17,36.501,12.182992108399999
17,17,37.001,12.0489000008
17,17,37.501,11.9469225899
17,17,38.001,11.8252778206
18,18,2.001,21.8416015562
18,18,2.501,21.8145934544
18,18,3.0010000000000003,21.7876974516
18,18,3.5010000000000003,21.7639168994
18,18,4.001,21.7385961885
18,18,4.501,21.7169609274
18,18,5.001,21.6990974422
18,18,5.501,21.686069411
18,18,6.001,21.6278524658
18,18,6.501,21.5775972379
18,18,7.001,21.497263601599997
18,18,7.501,21.3601540206
18,18,8.001,21.136397034
18,18,8.501,20.7595332296
18,18,9.001,20.229477034400002
18,18,9.501,19.7095802152
18,18,10.001,19.1237124314
18,18,10.501,18.5070171255
18,18,11.001,17.979427300999998
18,18,11.501,17.5513146469
18,18,12.001,17.228355035
18,18,12.501,16.986145550899998
18,18,13.001,16.760150801800002
18,18,13.501,16.587182443699998
18,18,14.001,16.4811937729
18,18,14.501,16.3649476048
18,18,15.001,16.252658364600002
18,18,15.501,16.1782522159
18,18,16.000999999999998,16.1044922552
18,18,16.500999999999998,16.0033192401
18,18,17.000999999999998,15.91031106
18,18,17.500999999999998,15.8181124525
18,18,18.000999999999998,15.739901675499999
18,18,18.500999999999998,15.6727488496
18,18,19.000999999999998,15.5991834547
18,18,19.500999999999998,15.515446708199999
18,18,20.000999999999998,15.4524584853
18,18,20.500999999999998,15.394359769400001
18,18,21.000999999999998,15.3241708235
18,18,21.500999999999998,15.2542207459
18,18,22.000999999999998,15.171851411099999
18,18,22.500999999999998,15.098973172
18,18,23.000999999999998,15.0369185394
18,18,23.500999999999998,14.9467194416
18,18,24.000999999999998,14.847183904100001
18,18,24.500999999999998,14.771344032
18,18,25.000999999999998,14.6630094277
18,18,25.500999999999998,14.5726188776
18,18,26.000999999999998,14.4804880128
18,18,26.500999999999998,14.3973151348
18,18,27.000999999999998,14.3212089732
18,18,27.500999999999998,14.245571136199999
18,18,28.000999999999998,14.165733875199999
18,18,28.500999999999998,14.090742649300001
18,18,29.000999999999998,14.0111903333
18,18,29.500999999999998,13.9373600891
18,18,30.000999999999998,13.849632489500001
18,18,30.500999999999998,13.7438659364
18,18,31.000999999999998,13.6625568533
18,18,31.500999999999998,13.556364849500001
18,18,32.001,13.4384838941
18,18,32.501,13.2867779465
18,18,33.001,13.1617544012
18,18,33.501,13.0277984394
18,18,34.001,12.8848518597
18,18,34.501,12.7391466878
18,18,35.001,12.5991253425
18,18,35.501,12.456995270899998
18,18,36.001,12.3403369221
18,18,36.501,12.182992108399999
18,18,37.001,12.0489000008
18,18,37.501,11.9469225899
18,18,38.001,11.8252778206
19,19,2.001,21.8416015562
19,19,2.501,21.8145934544
19,19,3.0010000000000003,21.7876974516
19,19,3.5010000000000003,21.7639168994
19,19,4.001,21.7385961885
19,19,4.501,21.7169609274
19,19,5.001,21.6990974422
19,19,5.501,21.686069411
19,19,6.001,21.6278524658
19,19,6.501,21.5775972379
19,19,7.001,21.497263601599997
19,19,7.501,21.3601540206
19,19,8.001,21.136397034
19,19,8.501,20.7595332296
19,19,9.001,20.229477034400002
19,19,9.501,19.7095802152
19,19,10.001,19.1237124314
19,19,10.501,18.5070171255
19,19,11.001,17.979427300999998
19,19,11.501,17.5513146469
19,19,12.001,17.228355035
19,19,12.501,16.986145550899998
19,19,13.001,16.760150801800002
19,19,13.501,16.587182443699998
19,19,14.001,16.4811937729
19,19,14.501,16.3649476048
19,19,15.001,16.252658364600002
19,19,15.501,16.1782522159
19,19,16.000999999999998,16.1044922552
19,19,16.500999999999998,16.0033192401
19,19,17.000999999999998,15.91031106
19,19,17.500999999999998,15.8181124525
19,19,18.000999999999998,15.739901675499999
19,19,18.500999999999998,15.6727488496
19,19,19.000999999999998,15.5991834547
19,19,19.500999999999998,15.515446708199999
19,19,20.000999999999998,15.4524584853
19,19,20.500999999999998,15.394359769400001
19,19,21.000999999999998,15.3241708235
19,19,21.500999999999998,15.2542207459
19,19,22.000999999999998,15.171851411099999
19,19,22.500999999999998,15.098973172
19,19,23.000999999999998,15.0369185394
19,19,23.500999999999998,14.9467194416
19,19,24.000999999999998,14.847183904100001
19,19,24.500999999999998,14.771344032
19,19,25.000999999999998,14.6630094277
19,19,25.500999999999998,14.5726188776
19,19,26.000999999999998,14.4804880128
19,19,26.500999999999998,14.3973151348
19,19,27.000999999999998,14.3212089732
19,19,27.500999999999998,14.245571136199999
19,19,28.000999999999998,14.165733875199999
19,19,28.500999999999998,14.090742649300001
19,19,29.000999999999998,14.0111903333
19,19,29.500999999999998,13.9373600891
19,19,30.000999999999998,13.849632489500001
19,19,30.500999999999998,13.7438659364
19,19,31.000999999999998,13.6625568533
19,19,31.500999999999998,13.556364849500001
19,19,32.001,13.4384838941
19,19,32.501,13.2867779465
19,19,33.001,13.1617544012
19,19,33.501,13.0277984394
19,19,34.001,12.8848518597
19,19,34.501,12.7391466878
19,19,35.001,12.5991253425
19,19,35.501,12.456995270899998
19,19,36.001,12.3403369221
19,19,36.501,12.182992108399999
19,19,37.001,12.0489000008
19,19,37.501,11.9469225899
19,19,38.001,11.8252778206
20,20,2.001,21.8416015562
20,20,2.501,21.8145934544
20,20,3.0010000000000003,21.7876974516
20,20,3.5010000000000003,21.7639168994
20,20,4.001,21.7385961885
20,20,4.501,21.7169609274
20,20,5.001,21.6990974422
20,20,5.501,21.686069411
20,20,6.001,21.6278524658
20,20,6.501,21.5775972379
20,20,7.001,21.497263601599997
20,20,7.501,21.3601540206
20,20,8.001,21.136397034
20,20,8.501,20.7595332296
20,20,9.001,20.229477034400002
20,20,9.501,19.7095802152
20,20,10.001,19.1237124314
20,20,10.501,18.5070171255
20,20,11.001,17.979427300999998
20,20,11.501,17.5513146469
20,20,12.001,17.228355035
20,20,12.501,16.986145550899998
20,20,13.001,16.760150801800002
20,20,13.501,16.587182443699998
20,20,14.001,16.4811937729
20,20,14.501,16.3649476048
20,20,15.001,16.252658364600002
20,20,15.501,16.1782522159
20,20,16.000999999999998,16.1044922552
20,20,16.500999999999998,16.0033192401
20,20,17.000999999999998,15.91031106
20,20,17.500999999999998,15.8181124525
20,20,18.000999999999998,15.739901675499999
20,20,18.500999999999998,15.6727488496
20,20,19.000999999999998,15.5991834547
20,20,19.500999999999998,15.515446708199999
20,20,20.000999999999998,15.4524584853
20,20,20.500999999999998,15.394359769400001
20,20,21.000999999999998,15.3241708235
20,20,21.500999999999998,15.2542207459
20,20,22.000999999999998,15.171851411099999
20,20,22.500999999999998,15.098973172
20,20,23.000999999999998,15.0369185394
20,20,23.500999999999998,14.9467194416
20,20,24.000999999999998,14.847183904100001
20,20,24.500999999999998,14.771344032
20,20,25.000999999999998,14.6630094277
20,20,25.500999999999998,14.5726188776
20,20,26.000999999999998,14.4804880128
20,20,26.500999999999998,14.3973151348
20,20,27.000999999999998,14.3212089732
20,20,27.500999999999998,14.245571136199999
20,20,28.000999999999998,14.165733875199999
20,20,28.500999999999998,14.090742649300001
20,20,29.000999999999998,14.0111903333
20,20,29.500999999999998,13.9373600891
20,20,30.000999999999998,13.849632489500001
20,20,30.500999999999998,13.7438659364
20,20,31.000999999999998,13.6625568533
20,20,31.500999999999998,13.556364849500001
20,20,32.001,13.4384838941
20,20,32.501,13.2867779465
20,20,33.001,13.1617544012
20,20,33.501,13.0277984394
20,20,34.001,12.8848518597
20,20,34.501,12.7391466878
20,20,35.001,12.5991253425
20,20,35.501,12.456995270899998
20,20,36.001,12.3403369221
20,20,36.501,12.182992108399999
20,20,37.001,12.0489000008
20,20,37.501,11.9469225899
20,20,38.001,11.8252778206
21,21,2.001,21.8416015562
21,21,2.501,21.8145934544
21,21,3.0010000000000003,21.7876974516
21,21,3.5010000000000003,21.7639168994
21,21,4.001,21.7385961885
21,21,4.501,21.7169609274
21,21,5.001,21.6990974422
21,21,5.501,21.686069411
21,21,6.001,21.6278524658
21,21,6.501,21.5775972379
21,21,7.001,21.497263601599997
21,21,7.501,21.3601540206
21,21,8.001,21.136397034
21,21,8.501,20.7595332296
21,21,9.001,20.229477034400002
21,21,9.501,19.7095802152
21,21,10.001,19.1237124314
21,21,10.501,18.5070171255
21,21,11.001,17.979427300999998
21,21,11.501,17.5513146469
21,21,12.001,17.228355035
21,21,12.501,16.986145550899998
21,21,13.001,16.760150801800002
21,21,13.501,16.587182443699998
21,21,14.001,16.4811937729
21,21,14.501,16.3649476048
21,21,15.001,16.252658364600002
21,21,15.501,16.1782522159
21,21,16.000999999999998,16.1044922552
21,21,16.500999999999998,16.0033192401
21,21,17.000999999999998,15.91031106
21,21,17.500999999999998,15.8181124525
21,21,18.000999999999998,15.739901675499999
21,21,18.500999999999998,15.6727488496
21,21,19.000999999999998,15.5991834547
21,21,19.500999999999998,15.515446708199999
21,21,20.000999999999998,15.4524584853
21,21,20.500999999999998,15.394359769400001
21,21,21.000999999999998,15.3241708235
21,21,21.500999999999998,15.2542207459
21,21,22.000999999999998,15.171851411099999
21,21,22.500999999999998,15.098973172
21,21,23.000999999999998,15.0369185394
21,21,23.500999999999998,14.9467194416
21,21,24.000999999999998,14.847183904100001
21,21,24.500999999999998,14.771344032
21,21,25.000999999999998,14.6630094277
21,21,25.500999999999998,14.5726188776
21,21,26.000999999999998,14.4804880128
21,21,26.500999999999998,14.3973151348
21,21,27.000999999999998,14.3212089732
21,21,27.500999999999998,14.245571136199999
21,21,28.000999999999998,14.165733875199999
21,21,28.500999999999998,14.090742649300001
21,21,29.000999999999998,14.0111903333
21,21,29.500999999999998,13.9373600891
21,21,30.000999999999998,13.849632489500001
21,21,30.500999999999998,13.7438659364
21,21,31.000999999999998,13.6625568533
21,21,31.500999999999998,13.556364849500001
21,21,32.001,13.4384838941
21,21,32.501,13.2867779465
21,21,33.001,13.1617544012
21,21,33.501,13.0277984394
21,21,34.001,12.8848518597
21,21,34.501,12.7391466878
21,21,35.001,12.5991253425
21,21,35.501,12.456995270899998
21,21,36.001,12.3403369221
21,21,36.501,12.182992108399999
21,21,37.001,12.0489000008
21,21,37.501,11.9469225899
21,21,38.001,11.8252778206
22,22,2.001,21.8416015562
22,22,2.501,21.8145934544
22,22,3.0010000000000003,21.7876974516
22,22,3.5010000000000003,21.7639168994
22,22,4.001,21.7385961885
22,22,4.501,21.7169609274
22,22,5.001,21.6990974422
22,22,5.501,21.686069411
22,22,6.001,21.6278524658
22,22,6.501,21.5775972379
22,22,7.001,21.497263601599997
22,22,7.501,21.3601540206
22,22,8.001,21.136397034
22,22,8.501,20.7595332296
22,22,9.001,20.229477034400002
22,22,9.501,19.7095802152
22,22,10.001,19.1237124314
22,22,10.501,18.5070171255
22,22,11.001,17.979427300999998
22,22,11.501,17.5513146469
22,22,12.001,17.228355035
22,22,12.501,16.986145550899998
22,22,13.001,16.760150801800002
22,22,13.501,16.587182443699998
22,22,14.001,16.4811937729
22,22,14.501,16.3649476048
22,22,15.001,16.252658364600002
22,22,15.501,16.1782522159
22,22,16.000999999999998,16.1044922552
22,22,16.500999999999998,16.0033192401
22,22,17.000999999999998,15.91031106
22,22,17.500999999999998,15.8181124525
22,22,18.000999999999998,15.739901675499999
22,22,18.500999999999998,15.6727488496
22,22,19.000999999999998,15.5991834547
22,22,19.500999999999998,15.515446708199999
22,22,20.000999999999998,15.4524584853
22,22,20.500999999999998,15.394359769400001
22,22,21.000999999999998,15.3241708235
22,22,21.500999999999998,15.2542207459
22,22,22.000999999999998,15.171851411099999
22,22,22.500999999999998,15.098973172
22,22,23.000999999999998,15.0369185394
22,22,23.500999999999998,14.9467194416
22,22,24.000999999999998,14.847183904100001
22,22,24.500999999999998,14.771344032
22,22,25.000999999999998,14.6630094277
22,22,25.500999999999998,14.5726188776
22,22,26.000999999999998,14.4804880128
22,22,26.500999999999998,14.3973151348
22,22,27.000999999999998,14.3212089732
22,22,27.500999999999998,14.245571136199999
22,22,28.000999999999998,14.165733875199999
22,22,28.500999999999998,14.090742649300001
22,22,29.000999999999998,14.0111903333
22,22,29.500999999999998,13.9373600891
22,22,30.000999999999998,13.849632489500001
22,22,30.500999999999998,13.7438659364
22,22,31.000999999999998,13.6625568533
22,22,31.500999999999998,13.556364849500001
22,22,32.001,13.4384838941
22,22,32.501,13.2867779465
22,22,33.001,13.1617544012
22,22,33.501,13.0277984394
22,22,34.001,12.8848518597
22,22,34.501,12.7391466878
22,22,35.001,12.5991253425
22,22,35.501,12.456995270899998
22,22,36.001,12.3403369221
22,22,36.501,12.182992108399999
22,22,37.001,12.0489000008
22,22,37.501,11.9469225899
22,22,38.001,11.8252778206
23,23,2.001,21.8416015562
23,23,2.501,21.8145934544
23,23,3.0010000000000003,21.7876974516
23,23,3.5010000000000003,21.7639168994
23,23,4.001,21.7385961885
23,23,4.501,21.7169609274
23,23,5.001,21.6990974422
23,23,5.501,21.686069411
23,23,6.001,21.6278524658
23,23,6.501,21.5775972379
23,23,7.001,21.497263601599997
23,23,7.501,21.3601540206
23,23,8.001,21.136397034
23,23,8.501,20.7595332296
23,23,9.001,20.229477034400002
23,23,9.501,19.7095802152
23,23,10.001,19.1237124314
23,23,10.501,18.5070171255
23,23,11.001,17.979427300999998
23,23,11.501,17.5513146469
23,23,12.001,17.228355035
23,23,12.501,16.986145550899998
23,23,13.001,16.760150801800002
23,23,13.501,16.587182443699998
23,23,14.001,16.4811937729
23,23,14.501,16.3649476048
23,23,15.001,16.252658364600002
23,23,15.501,16.1782522159
23,23,16.000999999999998,16.1044922552
23,23,16.500999999999998,16.0033192401
23,23,17.000999999999998,15.91031106
23,23,17.500999999999998,15.8181124525
23,23,18.000999999999998,15.739901675499999
23,23,18.500999999999998,15.6727488496
23,23,19.000999999999998,15.5991834547
23,23,19.500999999999998,15.515446708199999
23,23,20.000999999999998,15.4524584853
23,23,20.500999999999998,15.394359769400001
23,23,21.000999999999998,15.3241708235
23,23,21.500999999999998,15.2542207459
23,23,22.000999999999998,15.171851411099999
23,23,22.500999999999998,15.098973172
23,23,23.000999999999998,15.0369185394
23,23,23.500999999999998,14.9467194416
23,23,24.000999999999998,14.847183904100001
23,23,24.500999999999998,14.771344032
23,23,25.000999999999998,14.6630094277
23,23,25.500999999999998,14.5726188776
23,23,26.000999999999998,14.4804880128
23,23,26.500999999999998,14.3973151348
23,23,27.000999999999998,14.3212089732
23,23,27.500999999999998,14.245571136199999
23,23,28.000999999999998,14.165733875199999
23,23,28.500999999999998,14.090742649300001
23,23,29.000999999999998,14.0111903333
23,23,29.500999999999998,13.9373600891
23,23,30.000999999999998,13.849632489500001
23,23,30.500999999999998,13.7438659364
23,23,31.000999999999998,13.6625568533
23,23,31.500999999999998,13.556364849500001
23,23,32.001,13.4384838941
23,23,32.501,13.2867779465
23,23,33.001,13.1617544012
23,23,33.501,13.0277984394
23,23,34.001,12.8848518597
23,23,34.501,12.7391466878
23,23,35.001,12.5991253425
23,23,35.501,12.456995270899998
23,23,36.001,12.3403369221
23,23,36.501,12.182992108399999
23,23,37.001,12.0489000008
23,23,37.501,11.9469225899
23,23,38.001,11.8252778206
24,24,2.001,21.8416015562
24,24,2.501,21.8145934544
24,24,3.0010000000000003,21.7876974516
24,24,3.5010000000000003,21.7639168994
24,24,4.001,21.7385961885
24,24,4.501,21.7169609274
24,24,5.001,21.6990974422
24,24,5.501,21.686069411
24,24,6.001,21.6278524658
24,24,6.501,21.5775972379
24,24,7.001,21.497263601599997
24,24,7.501,21.3601540206
24,24,8.001,21.136397034
24,24,8.501,20.7595332296
24,24,9.001,20.229477034400002
24,24,9.501,19.7095802152
24,24,10.001,19.1237124314
24,24,10.501,18.5070171255
24,24,11.001,17.979427300999998
24,24,11.501,17.5513146469
24,24,12.001,17.228355035
24,24,12.501,16.986145550899998
24,24,13.001,16.760150801800002
24,24,13.501,16.587182443699998
24,24,14.001,16.4811937729
24,24,14.501,16.3649476048
24,24,15.001,16.252658364600002
24,24,15.501,16.1782522159
24,24,16.000999999999998,16.1044922552
24,24,16.500999999999998,16.0033192401
24,24,17.000999999999998,15.91031106
24,24,17.500999999999998,15.8181124525
24,24,18.000999999999998,15.739901675499999
24,24,18.500999999999998,15.6727488496
24,24,19.000999999999998,15.5991834547
24,24,19.500999999999998,15.515446708199999
24,24,20.000999999999998,15.4524584853
24,24,20.500999999999998,15.394359769400001
24,24,21.000999999999998,15.3241708235
24,24,21.500999999999998,15.2542207459
24,24,22.000999999999998,15.171851411099999
24,24,22.500999999999998,15.098973172
24,24,23.000999999999998,15.0369185394
24,24,23.500999999999998,14.9467194416
24,24,24.000999999999998,14.847183904100001
24,24,24.500999999999998,14.771344032
24,24,25.000999999999998,14.6630094277
24,24,25.500999999999998,14.5726188776
24,24,26.000999999999998,14.4804880128
24,24,26.500999999999998,14.3973151348
24,24,27.000999999999998,14.3212089732
24,24,27.500999999999998,14.245571136199999
24,24,28.000999999999998,14.165733875199999
24,24,28.500999999999998,14.090742649300001
24,24,29.000999999999998,14.0111903333
24,24,29.500999999999998,13.9373600891
24,24,30.000999999999998,13.849632489500001
24,24,30.500999999999998,13.7438659364
24,24,31.000999999999998,13.6625568533
24,24,31.500999999999998,13.556364849500001
24,24,32.001,13.4384838941
24,24,32.501,13.2867779465
24,24,33.001,13.1617544012
24,24,33.501,13.0277984394
24,24,34.001,12.8848518597
24,24,34.501,12.7391466878
24,24,35.001,12.5991253425
24,24,35.501,12.456995270899998
24,24,36.001,12.3403369221
24,24,36.501,12.182992108399999
24,24,37.001,12.0489000008
24,24,37.501,11.9469225899
24,24,38.001,11.8252778206
25,25,2.001,21.8416015562
25,25,2.501,21.8145934544
25,25,3.0010000000000003,21.7876974516
25,25,3.5010000000000003,21.7639168994
25,25,4.001,21.7385961885
25,25,4.501,21.7169609274
25,25,5.001,21.6990974422
25,25,5.501,21.686069411
25,25,6.001,21.6278524658
25,25,6.501,21.5775972379
25,25,7.001,21.497263601599997
25,25,7.501,21.3601540206
25,25,8.001,21.136397034
25,25,8.501,20.7595332296
25,25,9.001,20.229477034400002
25,25,9.501,19.7095802152
25,25,10.001,19.1237124314
25,25,10.501,18.5070171255
25,25,11.001,17.979427300999998
25,25,11.501,17.5513146469
25,25,12.001,17.228355035
25,25,12.501,16.986145550899998
25,25,13.001,16.760150801800002
25,25,13.501,16.587182443699998
25,25,14.001,16.4811937729
25,25,14.501,16.3649476048
25,25,15.001,16.252658364600002
25,25,15.501,16.1782522159
25,25,16.000999999999998,16.1044922552
25,25,16.500999999999998,16.0033192401
25,25,17.000999999999998,15.91031106
25,25,17.500999999999998,15.8181124525
25,25,18.000999999999998,15.739901675499999
25,25,18.500999999999998,15.6727488496
25,25,19.000999999999998,15.5991834547
25,25,19.500999999999998,15.515446708199999
25,25,20.000999999999998,15.4524584853
25,25,20.500999999999998,15.394359769400001
25,25,21.000999999999998,15.3241708235
25,25,21.500999999999998,15.2542207459
25,25,22.000999999999998,15.171851411099999
25,25,22.500999999999998,15.098973172
25,25,23.000999999999998,15.0369185394
25,25,23.500999999999998,14.9467194416
25,25,24.000999999999998,14.847183904100001
25,25,24.500999999999998,14.771344032
25,25,25.000999999999998,14.6630094277
25,25,25.500999999999998,14.5726188776
25,25,26.000999999999998,14.4804880128
25,25,26.500999999999998,14.3973151348
25,25,27.000999999999998,14.3212089732
25,25,27.500999999999998,14.245571136199999
25,25,28.000999999999998,14.165733875199999
25,25,28.500999999999998,14.090742649300001
25,25,29.000999999999998,14.0111903333
25,25,29.500999999999998,13.9373600891
25,25,30.000999999999998,13.849632489500001
25,25,30.500999999999998,13.7438659364
25,25,31.000999999999998,13.6625568533
25,25,31.500999999999998,13.556364849500001
25,25,32.001,13.4384838941
25,25,32.501,13.2867779465
25,25,33.001,13.1617544012
25,25,33.501,13.0277984394
25,25,34.001,12.8848518597
25,25,34.501,12.7391466878
25,25,35.001,12.5991253425
25,25,35.501,12.456995270899998
25,25,36.001,12.3403369221
25,25,36.501,12.182992108399999
25,25,37.001,12.0489000008
25,25,37.501,11.9469225899
25,25,38.001,11.8252778206
26,26,2.001,21.8416015562
26,26,2.501,21.8145934544
26,26,3.0010000000000003,21.7876974516
26,26,3.5010000000000003,21.7639168994
26,26,4.001,21.7385961885
26,26,4.501,21.7169609274
26,26,5.001,21.6990974422
26,26,5.501,21.686069411
26,26,6.001,21.6278524658
26,26,6.501,21.5775972379
26,26,7.001,21.497263601599997
26,26,7.501,21.3601540206
26,26,8.001,21.136397034
26,26,8.501,20.7595332296
26,26,9.001,20.229477034400002
26,26,9.501,19.7095802152
26,26,10.001,19.1237124314
26,26,10.501,18.5070171255
26,26,11.001,17.979427300999998
26,26,11.501,17.5513146469
26,26,12.001,17.228355035
26,26,12.501,16.986145550899998
26,26,13.001,16.760150801800002
26,26,13.501,16.587182443699998
26,26,14.001,16.4811937729
26,26,14.501,16.3649476048
26,26,15.001,16.252658364600002
26,26,15.501,16.1782522159
26,26,16.000999999999998,16.1044922552
26,26,16.500999999999998,16.0033192401
26,26,17.000999999999998,15.91031106
26,26,17.500999999999998,15.8181124525
26,26,18.000999999999998,15.739901675499999
26,26,18.500999999999998,15.6727488496
26,26,19.000999999999998,15.5991834547
26,26,19.500999999999998,15.515446708199999
26,26,20.000999999999998,15.4524584853
26,26,20.500999999999998,15.394359769400001
26,26,21.000999999999998,15.3241708235
26,26,21.500999999999998,15.2542207459
26,26,22.000999999999998,15.171851411099999
26,26,22.500999999999998,15.098973172
26,26,23.000999999999998,15.0369185394
26,26,23.500999999999998,14.9467194416
26,26,24.000999999999998,14.847183904100001
26,26,24.500999999999998,14.771344032
26,26,25.000999999999998,14.6630094277
26,26,25.500999999999998,14.5726188776
26,26,26.000999999999998,14.4804880128
26,26,26.500999999999998,14.3973151348
26,26,27.000999999999998,14.3212089732
26,26,27.500999999999998,14.245571136199999
26,26,28.000999999999998,14.165733875199999
26,26,28.500999999999998,14.090742649300001
26,26,29.000999999999998,14.0111903333
26,26,29.500999999999998,13.9373600891
26,26,30.000999999999998,13.849632489500001
26,26,30.500999999999998,13.7438659364
26,26,31.000999999999998,13.6625568533
26,26,31.500999999999998,13.556364849500001
26,26,32.001,13.4384838941
26,26,32.501,13.2867779465
26,26,33.001,13.1617544012
26,26,33.501,13.0277984394
26,26,34.001,12.8848518597
26,26,34.501,12.7391466878
26,26,35.001,12.5991253425
26,26,35.501,12.456995270899998
26,26,36.001,12.3403369221
26,26,36.501,12.182992108399999
26,26,37.001,12.0489000008
26,26,37.501,11.9469225899
26,26,38.001,11.8252778206
27,27,2.001,21.8416015562
27,27,2.501,21.8145934544
27,27,3.0010000000000003,21.7876974516
27,27,3.5010000000000003,21.7639168994
27,27,4.001,21.7385961885
27,27,4.501,21.7169609274
27,27,5.001,21.6990974422
27,27,5.501,21.686069411
27,27,6.001,21.6278524658
27,27,6.501,21.5775972379
27,27,7.001,21.497263601599997
27,27,7.501,21.3601540206
27,27,8.001,21.136397034
27,27,8.501,20.7595332296
27,27,9.001,20.229477034400002
27,27,9.501,19.7095802152
27,27,10.001,19.1237124314
27,27,10.501,18.5070171255
27,27,11.001,17.979427300999998
27,27,11.501,17.5513146469
27,27,12.001,17.228355035
27,27,12.501,16.986145550899998
27,27,13.001,16.760150801800002
27,27,13.501,16.587182443699998
27,27,14.001,16.4811937729
27,27,14.501,16.3649476048
27,27,15.001,16.252658364600002
27,27,15.501,16.1782522159
27,27,16.000999999999998,16.1044922552
27,27,16.500999999999998,16.0033192401
27,27,17.000999999999998,15.91031106
27,27,17.500999999999998,15.8181124525
27,27,18.000999999999998,15.739901675499999
27,27,18.500999999999998,15.6727488496
27,27,19.000999999999998,15.5991834547
27,27,19.500999999999998,15.515446708199999
27,27,20.000999999999998,15.4524584853
27,27,20.500999999999998,15.394359769400001
27,27,21.000999999999998,15.3241708235
27,27,21.500999999999998,15.2542207459
27,27,22.000999999999998,15.171851411099999
27,27,22.500999999999998,15.098973172
27,27,23.000999999999998,15.0369185394
27,27,23.500999999999998,14.9467194416
27,27,24.000999999999998,14.847183904100001
27,27,24.500999999999998,14.771344032
27,27,25.000999999999998,14.6630094277
27,27,25.500999999999998,14.5726188776
27,27,26.000999999999998,14.4804880128
27,27,26.500999999999998,14.3973151348
27,27,27.000999999999998,14.3212089732
27,27,27.500999999999998,14.245571136199999
27,27,28.000999999999998,14.165733875199999
27,27,28.500999999999998,14.090742649300001
27,27,29.000999999999998,14.0111903333
27,27,29.500999999999998,13.9373600891
27,27,30.000999999999998,13.849632489500001
27,27,30.500999999999998,13.7438659364
27,27,31.000999999999998,13.6625568533
27,27,31.500999999999998,13.556364849500001
27,27,32.001,13.4384838941
27,27,32.501,13.2867779465
27,27,33.001,13.1617544012
27,27,33.501,13.0277984394
27,27,34.001,12.8848518597
27,27,34.501,12.7391466878
27,27,35.001,12.5991253425
27,27,35.501,12.456995270899998
27,27,36.001,12.3403369221
27,27,36.501,12.182992108399999
27,27,37.001,12.0489000008
27,27,37.501,11.9469225899
27,27,38.001,11.8252778206
28,28,2.001,21.8416015562
28,28,2.501,21.8145934544
28,28,3.0010000000000003,21.7876974516
28,28,3.5010000000000003,21.7639168994
28,28,4.001,21.7385961885
28,28,4.501,21.7169609274
28,28,5.001,21.6990974422
28,28,5.501,21.686069411
28,28,6.001,21.6278524658
28,28,6.501,21.5775972379
28,28,7.001,21.497263601599997
28,28,7.501,21.3601540206
28,28,8.001,21.136397034
28,28,8.501,20.7595332296
28,28,9.001,20.229477034400002
28,28,9.501,19.7095802152
28,28,10.001,19.1237124314
28,28,10.501,18.5070171255
28,28,11.001,17.979427300999998
28,28,11.501,17.5513146469
28,28,12.001,17.228355035
28,28,12.501,16.986145550899998
28,28,13.001,16.760150801800002
28,28,13.501,16.587182443699998
28,28,14.001,16.4811937729
28,28,14.501,16.3649476048
28,28,15.001,16.252658364600002
28,28,15.501,16.1782522159
28,28,16.000999999999998,16.1044922552
28,28,16.500999999999998,16.0033192401
28,28,17.000999999999998,15.91031106
28,28,17.500999999999998,15.8181124525
28,28,18.000999999999998,15.739901675499999
28,28,18.500999999999998,15.6727488496
28,28,19.000999999999998,15.5991834547
28,28,19.500999999999998,15.515446708199999
28,28,20.000999999999998,15.4524584853
28,28,20.500999999999998,15.394359769400001
28,28,21.000999999999998,15.3241708235
28,28,21.500999999999998,15.2542207459
28,28,22.000999999999998,15.171851411099999
28,28,22.500999999999998,15.098973172
28,28,23.000999999999998,15.0369185394
28,28,23.500999999999998,14.9467194416
28,28,24.000999999999998,14.847183904100001
28,28,24.500999999999998,14.771344032
28,28,25.000999999999998,14.6630094277
28,28,25.500999999999998,14.5726188776
28,28,26.000999999999998,14.4804880128
28,28,26.500999999999998,14.3973151348
28,28,27.000999999999998,14.3212089732
28,28,27.500999999999998,14.245571136199999
28,28,28.000999999999998,14.165733875199999
28,28,28.500999999999998,14.090742649300001
28,28,29.000999999999998,14.0111903333
28,28,29.500999999999998,13.9373600891
28,28,30.000999999999998,13.849632489500001
28,28,30.500999999999998,13.7438659364
28,28,31.000999999999998,13.6625568533
28,28,31.500999999999998,13.556364849500001
28,28,32.001,13.4384838941
28,28,32.501,13.2867779465
28,28,33.001,13.1617544012
28,28,33.501,13.0277984394
28,28,34.001,12.8848518597
28,28,34.501,12.7391466878
28,28,35.001,12.5991253425
28,28,35.501,12.456995270899998
28,28,36.001,12.3403369221
28,28,36.501,12.182992108399999
28,28,37.001,12.0489000008
28,28,37.501,11.9469225899
28,28,38.001,11.8252778206
29,29,2.001,21.8416015562
29,29,2.501,21.8145934544
29,29,3.0010000000000003,21.7876974516
29,29,3.5010000000000003,21.7639168994
29,29,4.001,21.7385961885
29,29,4.501,21.7169609274
29,29,5.001,21.6990974422
29,29,5.501,21.686069411
29,29,6.001,21.6278524658
29,29,6.501,21.5775972379
29,29,7.001,21.497263601599997
29,29,7.501,21.3601540206
29,29,8.001,21.136397034
29,29,8.501,20.7595332296
29,29,9.001,20.229477034400002
29,29,9.501,19.7095802152
29,29,10.001,19.1237124314
29,29,10.501,18.5070171255
29,29,11.001,17.979427300999998
29,29,11.501,17.5513146469
29,29,12.001,17.228355035
29,29,12.501,16.986145550899998
29,29,13.001,16.760150801800002
29,29,13.501,16.587182443699998
29,29,14.001,16.4811937729
29,29,14.501,16.3649476048
29,29,15.001,16.252658364600002
29,29,15.501,16.1782522159
29,29,16.000999999999998,16.1044922552
29,29,16.500999999999998,16.0033192401
29,29,17.000999999999998,15.91031106
29,29,17.500999999999998,15.8181124525
29,29,18.000999999999998,15.739901675499999
29,29,18.500999999999998,15.6727488496
29,29,19.000999999999998,15.5991834547
29,29,19.500999999999998,15.515446708199999
29,29,20.000999999999998,15.4524584853
29,29,20.500999999999998,15.394359769400001
29,29,21.000999999999998,15.3241708235
29,29,21.500999999999998,15.2542207459
29,29,22.000999999999998,15.171851411099999
29,29,22.500999999999998,15.098973172
29,29,23.000999999999998,15.0369185394
29,29,23.500999999999998,14.9467194416
29,29,24.000999999999998,14.847183904100001
29,29,24.500999999999998,14.771344032
29,29,25.000999999999998,14.6630094277
29,29,25.500999999999998,14.5726188776
29,29,26.000999999999998,14.4804880128
29,29,26.500999999999998,14.3973151348
29,29,27.000999999999998,14.3212089732
29,29,27.500999999999998,14.245571136199999
29,29,28.000999999999998,14.165733875199999
29,29,28.500999999999998,14.090742649300001
29,29,29.000999999999998,14.0111903333
29,29,29.500999999999998,13.9373600891
29,29,30.000999999999998,13.849632489500001
29,29,30.500999999999998,13.7438659364
29,29,31.000999999999998,13.6625568533
29,29,31.500999999999998,13.556364849500001
29,29,32.001,13.4384838941
29,29,32.501,13.2867779465
29,29,33.001,13.1617544012
29,29,33.501,13.0277984394
29,29,34.001,12.8848518597
29,29,34.501,12.7391466878
29,29,35.001,12.5991253425
29,29,35.501,12.456995270899998
29,29,36.001,12.3403369221
29,29,36.501,12.182992108399999
29,29,37.001,12.0489000008
29,29,37.501,11.9469225899
29,29,38.001,11.8252778206
30,30,2.001,21.8416015562
30,30,2.501,21.8145934544
30,30,3.0010000000000003,21.7876974516
30,30,3.5010000000000003,21.7639168994
30,30,4.001,21.7385961885
30,30,4.501,21.7169609274
30,30,5.001,21.6990974422
30,30,5.501,21.686069411
30,30,6.001,21.6278524658
30,30,6.501,21.5775972379
30,30,7.001,21.497263601599997
30,30,7.501,21.3601540206
30,30,8.001,21.136397034
30,30,8.501,20.7595332296
30,30,9.001,20.229477034400002
30,30,9.501,19.7095802152
30,30,10.001,19.1237124314
30,30,10.501,18.5070171255
30,30,11.001,17.979427300999998
30,30,11.501,17.5513146469
30,30,12.001,17.228355035
30,30,12.501,16.986145550899998
30,30,13.001,16.760150801800002
30,30,13.501,16.587182443699998
30,30,14.001,16.4811937729
30,30,14.501,16.3649476048
30,30,15.001,16.252658364600002
30,30,15.501,16.1782522159
30,30,16.000999999999998,16.1044922552
30,30,16.500999999999998,16.0033192401
30,30,17.000999999999998,15.91031106
30,30,17.500999999999998,15.8181124525
30,30,18.000999999999998,15.739901675499999
30,30,18.500999999999998,15.6727488496
30,30,19.000999999999998,15.5991834547
30,30,19.500999999999998,15.515446708199999
30,30,20.000999999999998,15.4524584853
30,30,20.500999999999998,15.394359769400001
30,30,21.000999999999998,15.3241708235
30,30,21.500999999999998,15.2542207459
30,30,22.000999999999998,15.171851411099999
30,30,22.500999999999998,15.098973172
30,30,23.000999999999998,15.0369185394
30,30,23.500999999999998,14.9467194416
30,30,24.000999999999998,14.847183904100001
30,30,24.500999999999998,14.771344032
30,30,25.000999999999998,14.6630094277
30,30,25.500999999999998,14.5726188776
30,30,26.000999999999998,14.4804880128
30,30,26.500999999999998,14.3973151348
30,30,27.000999999999998,14.3212089732
30,30,27.500999999999998,14.245571136199999
30,30,28.000999999999998,14.165733875199999
30,30,28.500999999999998,14.090742649300001
30,30,29.000999999999998,14.0111903333
30,30,29.500999999999998,13.9373600891
30,30,30.000999999999998,13.849632489500001
30,30,30.500999999999998,13.7438659364
30,30,31.000999999999998,13.6625568533
30,30,31.500999999999998,13.556364849500001
30,30,32.001,13.4384838941
30,30,32.501,13.2867779465
30,30,33.001,13.1617544012
30,30,33.501,13.0277984394
30,30,34.001,12.8848518597
30,30,34.501,12.7391466878
30,30,35.001,12.5991253425
30,30,35.501,12.456995270899998
30,30,36.001,12.3403369221
30,30,36.501,12.182992108399999
30,30,37.001,12.0489000008
30,30,37.501,11.9469225899
30,30,38.001,11.8252778206
